[00:17:11.447] [32mINFO[39m (4712): [36mServer listening[39m
    [35mport[39m: 5050
[00:17:35.711] [32mINFO[39m (4712): [36mrequest completed[39m
    [35mreq[39m: {
      "id": 1,
      "method": "GET",
      "url": "/api/healthz"
    }
    [35mres[39m: {
      "statusCode": 200
    }
    [35mresponseTime[39m: 5
[00:18:15.302] [32mINFO[39m (4712): [36mrequest completed[39m
    [35mreq[39m: {
      "id": 2,
      "method": "GET",
      "url": "/api/healthz"
    }
    [35mres[39m: {
      "statusCode": 200
    }
    [35mresponseTime[39m: 0
[00:18:24.620] [32mINFO[39m (4712): [36mrequest errored[39m
    [35mreq[39m: {
      "id": 3,
      "method": "GET",
      "url": "/api/state/467272bb-011d-4e7d-b8ad-a06db7011e48"
    }
    [35mres[39m: {
      "statusCode": 500
    }
    [35mresponseTime[39m: 60
    err: {
      "type": "Error",
      "message": "failed with status code 500",
      "stack":
          Error: failed with status code 500
              at onResFinished (C:\Users\Ilya-\Downloads\MVPSimulationFirstDay-backup-current-version\node_modules\.pnpm\pino-http@10.5.0\node_modules\pino-http\logger.js:115:39)
              at ServerResponse.onResponseComplete (C:\Users\Ilya-\Downloads\MVPSimulationFirstDay-backup-current-version\node_modules\.pnpm\pino-http@10.5.0\node_modules\pino-http\logger.js:178:14)
              at ServerResponse.emit (node:events:521:24)
              at onFinish (node:_http_outgoing:1079:10)
              at callback (node:internal/streams/writable:764:21)
              at afterWrite (node:internal/streams/writable:708:5)
              at afterWriteTick (node:internal/streams/writable:694:10)
              at process.processTicksAndRejections (node:internal/process/task_queues:89:21)
    }
[00:18:24.639] [32mINFO[39m (4712): [36mrequest errored[39m
    [35mreq[39m: {
      "id": 4,
      "method": "PATCH",
      "url": "/api/state/467272bb-011d-4e7d-b8ad-a06db7011e48"
    }
    [35mres[39m: {
      "statusCode": 500
    }
    [35mresponseTime[39m: 13
    err: {
      "type": "Error",
      "message": "failed with status code 500",
      "stack":
          Error: failed with status code 500
              at onResFinished (C:\Users\Ilya-\Downloads\MVPSimulationFirstDay-backup-current-version\node_modules\.pnpm\pino-http@10.5.0\node_modules\pino-http\logger.js:115:39)
              at ServerResponse.onResponseComplete (C:\Users\Ilya-\Downloads\MVPSimulationFirstDay-backup-current-version\node_modules\.pnpm\pino-http@10.5.0\node_modules\pino-http\logger.js:178:14)
              at ServerResponse.emit (node:events:521:24)
              at onFinish (node:_http_outgoing:1079:10)
              at callback (node:internal/streams/writable:764:21)
              at afterWrite (node:internal/streams/writable:708:5)
              at afterWriteTick (node:internal/streams/writable:694:10)
              at process.processTicksAndRejections (node:internal/process/task_queues:89:21)
    }
[00:18:24.645] [32mINFO[39m (4712): [36mrequest errored[39m
    [35mreq[39m: {
      "id": 5,
      "method": "PATCH",
      "url": "/api/state/467272bb-011d-4e7d-b8ad-a06db7011e48"
    }
    [35mres[39m: {
      "statusCode": 500
    }
    [35mresponseTime[39m: 3
    err: {
      "type": "Error",
      "message": "failed with status code 500",
      "stack":
          Error: failed with status code 500
              at onResFinished (C:\Users\Ilya-\Downloads\MVPSimulationFirstDay-backup-current-version\node_modules\.pnpm\pino-http@10.5.0\node_modules\pino-http\logger.js:115:39)
              at ServerResponse.onResponseComplete (C:\Users\Ilya-\Downloads\MVPSimulationFirstDay-backup-current-version\node_modules\.pnpm\pino-http@10.5.0\node_modules\pino-http\logger.js:178:14)
              at ServerResponse.emit (node:events:521:24)
              at onFinish (node:_http_outgoing:1079:10)
              at callback (node:internal/streams/writable:764:21)
              at afterWrite (node:internal/streams/writable:708:5)
              at afterWriteTick (node:internal/streams/writable:694:10)
              at process.processTicksAndRejections (node:internal/process/task_queues:89:21)
    }
[00:18:24.649] [32mINFO[39m (4712): [36mrequest errored[39m
    [35mreq[39m: {
      "id": 6,
      "method": "PATCH",
      "url": "/api/state/467272bb-011d-4e7d-b8ad-a06db7011e48"
    }
    [35mres[39m: {
      "statusCode": 500
    }
    [35mresponseTime[39m: 2
    err: {
      "type": "Error",
      "message": "failed with status code 500",
      "stack":
          Error: failed with status code 500
              at onResFinished (C:\Users\Ilya-\Downloads\MVPSimulationFirstDay-backup-current-version\node_modules\.pnpm\pino-http@10.5.0\node_modules\pino-http\logger.js:115:39)
              at ServerResponse.onResponseComplete (C:\Users\Ilya-\Downloads\MVPSimulationFirstDay-backup-current-version\node_modules\.pnpm\pino-http@10.5.0\node_modules\pino-http\logger.js:178:14)
              at ServerResponse.emit (node:events:521:24)
              at onFinish (node:_http_outgoing:1079:10)
              at callback (node:internal/streams/writable:764:21)
              at afterWrite (node:internal/streams/writable:708:5)
              at afterWriteTick (node:internal/streams/writable:694:10)
              at process.processTicksAndRejections (node:internal/process/task_queues:89:21)
    }
[00:18:24.654] [32mINFO[39m (4712): [36mrequest errored[39m
    [35mreq[39m: {
      "id": 7,
      "method": "PATCH",
      "url": "/api/state/467272bb-011d-4e7d-b8ad-a06db7011e48"
    }
    [35mres[39m: {
      "statusCode": 500
    }
    [35mresponseTime[39m: 2
    err: {
      "type": "Error",
      "message": "failed with status code 500",
      "stack":
          Error: failed with status code 500
              at onResFinished (C:\Users\Ilya-\Downloads\MVPSimulationFirstDay-backup-current-version\node_modules\.pnpm\pino-http@10.5.0\node_modules\pino-http\logger.js:115:39)
              at ServerResponse.onResponseComplete (C:\Users\Ilya-\Downloads\MVPSimulationFirstDay-backup-current-version\node_modules\.pnpm\pino-http@10.5.0\node_modules\pino-http\logger.js:178:14)
              at ServerResponse.emit (node:events:521:24)
              at onFinish (node:_http_outgoing:1079:10)
              at callback (node:internal/streams/writable:764:21)
              at afterWrite (node:internal/streams/writable:708:5)
              at afterWriteTick (node:internal/streams/writable:694:10)
              at process.processTicksAndRejections (node:internal/process/task_queues:89:21)
    }
[00:18:24.663] [32mINFO[39m (4712): [36mrequest errored[39m
    [35mreq[39m: {
      "id": 8,
      "method": "PATCH",
      "url": "/api/state/467272bb-011d-4e7d-b8ad-a06db7011e48"
    }
    [35mres[39m: {
      "statusCode": 500
    }
    [35mresponseTime[39m: 2
    err: {
      "type": "Error",
      "message": "failed with status code 500",
      "stack":
          Error: failed with status code 500
              at onResFinished (C:\Users\Ilya-\Downloads\MVPSimulationFirstDay-backup-current-version\node_modules\.pnpm\pino-http@10.5.0\node_modules\pino-http\logger.js:115:39)
              at ServerResponse.onResponseComplete (C:\Users\Ilya-\Downloads\MVPSimulationFirstDay-backup-current-version\node_modules\.pnpm\pino-http@10.5.0\node_modules\pino-http\logger.js:178:14)
              at ServerResponse.emit (node:events:521:24)
              at onFinish (node:_http_outgoing:1079:10)
              at callback (node:internal/streams/writable:764:21)
              at afterWrite (node:internal/streams/writable:708:5)
              at afterWriteTick (node:internal/streams/writable:694:10)
              at process.processTicksAndRejections (node:internal/process/task_queues:89:21)
    }
[00:18:24.668] [32mINFO[39m (4712): [36mrequest errored[39m
    [35mreq[39m: {
      "id": 9,
      "method": "PATCH",
      "url": "/api/state/467272bb-011d-4e7d-b8ad-a06db7011e48"
    }
    [35mres[39m: {
      "statusCode": 500
    }
    [35mresponseTime[39m: 2
    err: {
      "type": "Error",
      "message": "failed with status code 500",
      "stack":
          Error: failed with status code 500
              at onResFinished (C:\Users\Ilya-\Downloads\MVPSimulationFirstDay-backup-current-version\node_modules\.pnpm\pino-http@10.5.0\node_modules\pino-http\logger.js:115:39)
              at ServerResponse.onResponseComplete (C:\Users\Ilya-\Downloads\MVPSimulationFirstDay-backup-current-version\node_modules\.pnpm\pino-http@10.5.0\node_modules\pino-http\logger.js:178:14)
              at ServerResponse.emit (node:events:521:24)
              at onFinish (node:_http_outgoing:1079:10)
              at callback (node:internal/streams/writable:764:21)
              at afterWrite (node:internal/streams/writable:708:5)
              at afterWriteTick (node:internal/streams/writable:694:10)
              at process.processTicksAndRejections (node:internal/process/task_queues:89:21)
    }
[00:18:24.681] [32mINFO[39m (4712): [36mrequest errored[39m
    [35mreq[39m: {
      "id": 10,
      "method": "PATCH",
      "url": "/api/state/467272bb-011d-4e7d-b8ad-a06db7011e48"
    }
    [35mres[39m: {
      "statusCode": 500
    }
    [35mresponseTime[39m: 1
    err: {
      "type": "Error",
      "message": "failed with status code 500",
      "stack":
          Error: failed with status code 500
              at onResFinished (C:\Users\Ilya-\Downloads\MVPSimulationFirstDay-backup-current-version\node_modules\.pnpm\pino-http@10.5.0\node_modules\pino-http\logger.js:115:39)
              at ServerResponse.onResponseComplete (C:\Users\Ilya-\Downloads\MVPSimulationFirstDay-backup-current-version\node_modules\.pnpm\pino-http@10.5.0\node_modules\pino-http\logger.js:178:14)
              at ServerResponse.emit (node:events:521:24)
              at onFinish (node:_http_outgoing:1079:10)
              at callback (node:internal/streams/writable:764:21)
              at afterWrite (node:internal/streams/writable:708:5)
              at afterWriteTick (node:internal/streams/writable:694:10)
              at process.processTicksAndRejections (node:internal/process/task_queues:89:21)
    }
[00:18:24.689] [32mINFO[39m (4712): [36mrequest errored[39m
    [35mreq[39m: {
      "id": 11,
      "method": "PATCH",
      "url": "/api/state/467272bb-011d-4e7d-b8ad-a06db7011e48"
    }
    [35mres[39m: {
      "statusCode": 500
    }
    [35mresponseTime[39m: 2
    err: {
      "type": "Error",
      "message": "failed with status code 500",
      "stack":
          Error: failed with status code 500
              at onResFinished (C:\Users\Ilya-\Downloads\MVPSimulationFirstDay-backup-current-version\node_modules\.pnpm\pino-http@10.5.0\node_modules\pino-http\logger.js:115:39)
              at ServerResponse.onResponseComplete (C:\Users\Ilya-\Downloads\MVPSimulationFirstDay-backup-current-version\node_modules\.pnpm\pino-http@10.5.0\node_modules\pino-http\logger.js:178:14)
              at ServerResponse.emit (node:events:521:24)
              at onFinish (node:_http_outgoing:1079:10)
              at callback (node:internal/streams/writable:764:21)
              at afterWrite (node:internal/streams/writable:708:5)
              at afterWriteTick (node:internal/streams/writable:694:10)
              at process.processTicksAndRejections (node:internal/process/task_queues:89:21)
    }
[00:18:24.694] [32mINFO[39m (4712): [36mrequest errored[39m
    [35mreq[39m: {
      "id": 12,
      "method": "PATCH",
      "url": "/api/state/467272bb-011d-4e7d-b8ad-a06db7011e48"
    }
    [35mres[39m: {
      "statusCode": 500
    }
    [35mresponseTime[39m: 2
    err: {
      "type": "Error",
      "message": "failed with status code 500",
      "stack":
          Error: failed with status code 500
              at onResFinished (C:\Users\Ilya-\Downloads\MVPSimulationFirstDay-backup-current-version\node_modules\.pnpm\pino-http@10.5.0\node_modules\pino-http\logger.js:115:39)
              at ServerResponse.onResponseComplete (C:\Users\Ilya-\Downloads\MVPSimulationFirstDay-backup-current-version\node_modules\.pnpm\pino-http@10.5.0\node_modules\pino-http\logger.js:178:14)
              at ServerResponse.emit (node:events:521:24)
              at onFinish (node:_http_outgoing:1079:10)
              at callback (node:internal/streams/writable:764:21)
              at afterWrite (node:internal/streams/writable:708:5)
              at afterWriteTick (node:internal/streams/writable:694:10)
              at process.processTicksAndRejections (node:internal/process/task_queues:89:21)
    }
[00:18:24.698] [32mINFO[39m (4712): [36mrequest errored[39m
    [35mreq[39m: {
      "id": 13,
      "method": "PATCH",
      "url": "/api/state/467272bb-011d-4e7d-b8ad-a06db7011e48"
    }
    [35mres[39m: {
      "statusCode": 500
    }
    [35mresponseTime[39m: 2
    err: {
      "type": "Error",
      "message": "failed with status code 500",
      "stack":
          Error: failed with status code 500
              at onResFinished (C:\Users\Ilya-\Downloads\MVPSimulationFirstDay-backup-current-version\node_modules\.pnpm\pino-http@10.5.0\node_modules\pino-http\logger.js:115:39)
              at ServerResponse.onResponseComplete (C:\Users\Ilya-\Downloads\MVPSimulationFirstDay-backup-current-version\node_modules\.pnpm\pino-http@10.5.0\node_modules\pino-http\logger.js:178:14)
              at ServerResponse.emit (node:events:521:24)
              at onFinish (node:_http_outgoing:1079:10)
              at callback (node:internal/streams/writable:764:21)
              at afterWrite (node:internal/streams/writable:708:5)
              at afterWriteTick (node:internal/streams/writable:694:10)
              at process.processTicksAndRejections (node:internal/process/task_queues:89:21)
    }
[00:18:24.702] [32mINFO[39m (4712): [36mrequest errored[39m
    [35mreq[39m: {
      "id": 14,
      "method": "PATCH",
      "url": "/api/state/467272bb-011d-4e7d-b8ad-a06db7011e48"
    }
    [35mres[39m: {
      "statusCode": 500
    }
    [35mresponseTime[39m: 1
    err: {
      "type": "Error",
      "message": "failed with status code 500",
      "stack":
          Error: failed with status code 500
              at onResFinished (C:\Users\Ilya-\Downloads\MVPSimulationFirstDay-backup-current-version\node_modules\.pnpm\pino-http@10.5.0\node_modules\pino-http\logger.js:115:39)
              at ServerResponse.onResponseComplete (C:\Users\Ilya-\Downloads\MVPSimulationFirstDay-backup-current-version\node_modules\.pnpm\pino-http@10.5.0\node_modules\pino-http\logger.js:178:14)
              at ServerResponse.emit (node:events:521:24)
              at onFinish (node:_http_outgoing:1079:10)
              at callback (node:internal/streams/writable:764:21)
              at afterWrite (node:internal/streams/writable:708:5)
              at afterWriteTick (node:internal/streams/writable:694:10)
              at process.processTicksAndRejections (node:internal/process/task_queues:89:21)
    }
[00:18:24.707] [32mINFO[39m (4712): [36mrequest errored[39m
    [35mreq[39m: {
      "id": 15,
      "method": "PATCH",
      "url": "/api/state/467272bb-011d-4e7d-b8ad-a06db7011e48"
    }
    [35mres[39m: {
      "statusCode": 500
    }
    [35mresponseTime[39m: 1
    err: {
      "type": "Error",
      "message": "failed with status code 500",
      "stack":
          Error: failed with status code 500
              at onResFinished (C:\Users\Ilya-\Downloads\MVPSimulationFirstDay-backup-current-version\node_modules\.pnpm\pino-http@10.5.0\node_modules\pino-http\logger.js:115:39)
              at ServerResponse.onResponseComplete (C:\Users\Ilya-\Downloads\MVPSimulationFirstDay-backup-current-version\node_modules\.pnpm\pino-http@10.5.0\node_modules\pino-http\logger.js:178:14)
              at ServerResponse.emit (node:events:521:24)
              at onFinish (node:_http_outgoing:1079:10)
              at callback (node:internal/streams/writable:764:21)
              at afterWrite (node:internal/streams/writable:708:5)
              at afterWriteTick (node:internal/streams/writable:694:10)
              at process.processTicksAndRejections (node:internal/process/task_queues:89:21)
    }
[00:18:24.712] [32mINFO[39m (4712): [36mrequest errored[39m
    [35mreq[39m: {
      "id": 16,
      "method": "PATCH",
      "url": "/api/state/467272bb-011d-4e7d-b8ad-a06db7011e48"
    }
    [35mres[39m: {
      "statusCode": 500
    }
    [35mresponseTime[39m: 2
    err: {
      "type": "Error",
      "message": "failed with status code 500",
      "stack":
          Error: failed with status code 500
              at onResFinished (C:\Users\Ilya-\Downloads\MVPSimulationFirstDay-backup-current-version\node_modules\.pnpm\pino-http@10.5.0\node_modules\pino-http\logger.js:115:39)
              at ServerResponse.onResponseComplete (C:\Users\Ilya-\Downloads\MVPSimulationFirstDay-backup-current-version\node_modules\.pnpm\pino-http@10.5.0\node_modules\pino-http\logger.js:178:14)
              at ServerResponse.emit (node:events:521:24)
              at onFinish (node:_http_outgoing:1079:10)
              at callback (node:internal/streams/writable:764:21)
              at afterWrite (node:internal/streams/writable:708:5)
              at afterWriteTick (node:internal/streams/writable:694:10)
              at process.processTicksAndRejections (node:internal/process/task_queues:89:21)
    }
[00:18:24.717] [32mINFO[39m (4712): [36mrequest errored[39m
    [35mreq[39m: {
      "id": 17,
      "method": "PATCH",
      "url": "/api/state/467272bb-011d-4e7d-b8ad-a06db7011e48"
    }
    [35mres[39m: {
      "statusCode": 500
    }
    [35mresponseTime[39m: 2
    err: {
      "type": "Error",
      "message": "failed with status code 500",
      "stack":
          Error: failed with status code 500
              at onResFinished (C:\Users\Ilya-\Downloads\MVPSimulationFirstDay-backup-current-version\node_modules\.pnpm\pino-http@10.5.0\node_modules\pino-http\logger.js:115:39)
              at ServerResponse.onResponseComplete (C:\Users\Ilya-\Downloads\MVPSimulationFirstDay-backup-current-version\node_modules\.pnpm\pino-http@10.5.0\node_modules\pino-http\logger.js:178:14)
              at ServerResponse.emit (node:events:521:24)
              at onFinish (node:_http_outgoing:1079:10)
              at callback (node:internal/streams/writable:764:21)
              at afterWrite (node:internal/streams/writable:708:5)
              at afterWriteTick (node:internal/streams/writable:694:10)
              at process.processTicksAndRejections (node:internal/process/task_queues:89:21)
    }
[00:18:24.721] [32mINFO[39m (4712): [36mrequest errored[39m
    [35mreq[39m: {
      "id": 18,
      "method": "PATCH",
      "url": "/api/state/467272bb-011d-4e7d-b8ad-a06db7011e48"
    }
    [35mres[39m: {
      "statusCode": 500
    }
    [35mresponseTime[39m: 1
    err: {
      "type": "Error",
      "message": "failed with status code 500",
      "stack":
          Error: failed with status code 500
              at onResFinished (C:\Users\Ilya-\Downloads\MVPSimulationFirstDay-backup-current-version\node_modules\.pnpm\pino-http@10.5.0\node_modules\pino-http\logger.js:115:39)
              at ServerResponse.onResponseComplete (C:\Users\Ilya-\Downloads\MVPSimulationFirstDay-backup-current-version\node_modules\.pnpm\pino-http@10.5.0\node_modules\pino-http\logger.js:178:14)
              at ServerResponse.emit (node:events:521:24)
              at onFinish (node:_http_outgoing:1079:10)
              at callback (node:internal/streams/writable:764:21)
              at afterWrite (node:internal/streams/writable:708:5)
              at afterWriteTick (node:internal/streams/writable:694:10)
              at process.processTicksAndRejections (node:internal/process/task_queues:89:21)
    }
[00:18:24.727] [32mINFO[39m (4712): [36mrequest errored[39m
    [35mreq[39m: {
      "id": 19,
      "method": "PATCH",
      "url": "/api/state/467272bb-011d-4e7d-b8ad-a06db7011e48"
    }
    [35mres[39m: {
      "statusCode": 500
    }
    [35mresponseTime[39m: 2
    err: {
      "type": "Error",
      "message": "failed with status code 500",
      "stack":
          Error: failed with status code 500
              at onResFinished (C:\Users\Ilya-\Downloads\MVPSimulationFirstDay-backup-current-version\node_modules\.pnpm\pino-http@10.5.0\node_modules\pino-http\logger.js:115:39)
              at ServerResponse.onResponseComplete (C:\Users\Ilya-\Downloads\MVPSimulationFirstDay-backup-current-version\node_modules\.pnpm\pino-http@10.5.0\node_modules\pino-http\logger.js:178:14)
              at ServerResponse.emit (node:events:521:24)
              at onFinish (node:_http_outgoing:1079:10)
              at callback (node:internal/streams/writable:764:21)
              at afterWrite (node:internal/streams/writable:708:5)
              at afterWriteTick (node:internal/streams/writable:694:10)
              at process.processTicksAndRejections (node:internal/process/task_queues:89:21)
    }
[00:18:24.733] [32mINFO[39m (4712): [36mrequest errored[39m
    [35mreq[39m: {
      "id": 20,
      "method": "PATCH",
      "url": "/api/state/467272bb-011d-4e7d-b8ad-a06db7011e48"
    }
    [35mres[39m: {
      "statusCode": 500
    }
    [35mresponseTime[39m: 3
    err: {
      "type": "Error",
      "message": "failed with status code 500",
      "stack":
          Error: failed with status code 500
              at onResFinished (C:\Users\Ilya-\Downloads\MVPSimulationFirstDay-backup-current-version\node_modules\.pnpm\pino-http@10.5.0\node_modules\pino-http\logger.js:115:39)
              at ServerResponse.onResponseComplete (C:\Users\Ilya-\Downloads\MVPSimulationFirstDay-backup-current-version\node_modules\.pnpm\pino-http@10.5.0\node_modules\pino-http\logger.js:178:14)
              at ServerResponse.emit (node:events:521:24)
              at onFinish (node:_http_outgoing:1079:10)
              at callback (node:internal/streams/writable:764:21)
              at afterWrite (node:internal/streams/writable:708:5)
              at afterWriteTick (node:internal/streams/writable:694:10)
              at process.processTicksAndRejections (node:internal/process/task_queues:89:21)
    }
[00:18:24.737] [32mINFO[39m (4712): [36mrequest errored[39m
    [35mreq[39m: {
      "id": 21,
      "method": "PATCH",
      "url": "/api/state/467272bb-011d-4e7d-b8ad-a06db7011e48"
    }
    [35mres[39m: {
      "statusCode": 500
    }
    [35mresponseTime[39m: 1
    err: {
      "type": "Error",
      "message": "failed with status code 500",
      "stack":
          Error: failed with status code 500
              at onResFinished (C:\Users\Ilya-\Downloads\MVPSimulationFirstDay-backup-current-version\node_modules\.pnpm\pino-http@10.5.0\node_modules\pino-http\logger.js:115:39)
              at ServerResponse.onResponseComplete (C:\Users\Ilya-\Downloads\MVPSimulationFirstDay-backup-current-version\node_modules\.pnpm\pino-http@10.5.0\node_modules\pino-http\logger.js:178:14)
              at ServerResponse.emit (node:events:521:24)
              at onFinish (node:_http_outgoing:1079:10)
              at callback (node:internal/streams/writable:764:21)
              at afterWrite (node:internal/streams/writable:708:5)
              at afterWriteTick (node:internal/streams/writable:694:10)
              at process.processTicksAndRejections (node:internal/process/task_queues:89:21)
    }
[00:18:24.743] [32mINFO[39m (4712): [36mrequest errored[39m
    [35mreq[39m: {
      "id": 22,
      "method": "PATCH",
      "url": "/api/state/467272bb-011d-4e7d-b8ad-a06db7011e48"
    }
    [35mres[39m: {
      "statusCode": 500
    }
    [35mresponseTime[39m: 1
    err: {
      "type": "Error",
      "message": "failed with status code 500",
      "stack":
          Error: failed with status code 500
              at onResFinished (C:\Users\Ilya-\Downloads\MVPSimulationFirstDay-backup-current-version\node_modules\.pnpm\pino-http@10.5.0\node_modules\pino-http\logger.js:115:39)
              at ServerResponse.onResponseComplete (C:\Users\Ilya-\Downloads\MVPSimulationFirstDay-backup-current-version\node_modules\.pnpm\pino-http@10.5.0\node_modules\pino-http\logger.js:178:14)
              at ServerResponse.emit (node:events:521:24)
              at onFinish (node:_http_outgoing:1079:10)
              at callback (node:internal/streams/writable:764:21)
              at afterWrite (node:internal/streams/writable:708:5)
              at afterWriteTick (node:internal/streams/writable:694:10)
              at process.processTicksAndRejections (node:internal/process/task_queues:89:21)
    }
[00:18:24.748] [32mINFO[39m (4712): [36mrequest errored[39m
    [35mreq[39m: {
      "id": 23,
      "method": "PATCH",
      "url": "/api/state/467272bb-011d-4e7d-b8ad-a06db7011e48"
    }
    [35mres[39m: {
      "statusCode": 500
    }
    [35mresponseTime[39m: 2
    err: {
      "type": "Error",
      "message": "failed with status code 500",
      "stack":
          Error: failed with status code 500
              at onResFinished (C:\Users\Ilya-\Downloads\MVPSimulationFirstDay-backup-current-version\node_modules\.pnpm\pino-http@10.5.0\node_modules\pino-http\logger.js:115:39)
              at ServerResponse.onResponseComplete (C:\Users\Ilya-\Downloads\MVPSimulationFirstDay-backup-current-version\node_modules\.pnpm\pino-http@10.5.0\node_modules\pino-http\logger.js:178:14)
              at ServerResponse.emit (node:events:521:24)
              at onFinish (node:_http_outgoing:1079:10)
              at callback (node:internal/streams/writable:764:21)
              at afterWrite (node:internal/streams/writable:708:5)
              at afterWriteTick (node:internal/streams/writable:694:10)
              at process.processTicksAndRejections (node:internal/process/task_queues:89:21)
    }
[00:18:24.753] [32mINFO[39m (4712): [36mrequest errored[39m
    [35mreq[39m: {
      "id": 24,
      "method": "PATCH",
      "url": "/api/state/467272bb-011d-4e7d-b8ad-a06db7011e48"
    }
    [35mres[39m: {
      "statusCode": 500
    }
    [35mresponseTime[39m: 2
    err: {
      "type": "Error",
      "message": "failed with status code 500",
      "stack":
          Error: failed with status code 500
              at onResFinished (C:\Users\Ilya-\Downloads\MVPSimulationFirstDay-backup-current-version\node_modules\.pnpm\pino-http@10.5.0\node_modules\pino-http\logger.js:115:39)
              at ServerResponse.onResponseComplete (C:\Users\Ilya-\Downloads\MVPSimulationFirstDay-backup-current-version\node_modules\.pnpm\pino-http@10.5.0\node_modules\pino-http\logger.js:178:14)
              at ServerResponse.emit (node:events:521:24)
              at onFinish (node:_http_outgoing:1079:10)
              at callback (node:internal/streams/writable:764:21)
              at afterWrite (node:internal/streams/writable:708:5)
              at afterWriteTick (node:internal/streams/writable:694:10)
              at process.processTicksAndRejections (node:internal/process/task_queues:89:21)
    }
[00:18:24.758] [32mINFO[39m (4712): [36mrequest errored[39m
    [35mreq[39m: {
      "id": 25,
      "method": "PATCH",
      "url": "/api/state/467272bb-011d-4e7d-b8ad-a06db7011e48"
    }
    [35mres[39m: {
      "statusCode": 500
    }
    [35mresponseTime[39m: 2
    err: {
      "type": "Error",
      "message": "failed with status code 500",
      "stack":
          Error: failed with status code 500
              at onResFinished (C:\Users\Ilya-\Downloads\MVPSimulationFirstDay-backup-current-version\node_modules\.pnpm\pino-http@10.5.0\node_modules\pino-http\logger.js:115:39)
              at ServerResponse.onResponseComplete (C:\Users\Ilya-\Downloads\MVPSimulationFirstDay-backup-current-version\node_modules\.pnpm\pino-http@10.5.0\node_modules\pino-http\logger.js:178:14)
              at ServerResponse.emit (node:events:521:24)
              at onFinish (node:_http_outgoing:1079:10)
              at callback (node:internal/streams/writable:764:21)
              at afterWrite (node:internal/streams/writable:708:5)
              at afterWriteTick (node:internal/streams/writable:694:10)
              at process.processTicksAndRejections (node:internal/process/task_queues:89:21)
    }
[00:18:31.487] [32mINFO[39m (4712): [36mrequest errored[39m
    [35mreq[39m: {
      "id": 26,
      "method": "GET",
      "url": "/api/state/e268c889-5335-4247-9278-48ba81fa9ab3"
    }
    [35mres[39m: {
      "statusCode": 500
    }
    [35mresponseTime[39m: 3
    err: {
      "type": "Error",
      "message": "failed with status code 500",
      "stack":
          Error: failed with status code 500
              at onResFinished (C:\Users\Ilya-\Downloads\MVPSimulationFirstDay-backup-current-version\node_modules\.pnpm\pino-http@10.5.0\node_modules\pino-http\logger.js:115:39)
              at ServerResponse.onResponseComplete (C:\Users\Ilya-\Downloads\MVPSimulationFirstDay-backup-current-version\node_modules\.pnpm\pino-http@10.5.0\node_modules\pino-http\logger.js:178:14)
              at ServerResponse.emit (node:events:521:24)
              at onFinish (node:_http_outgoing:1079:10)
              at callback (node:internal/streams/writable:764:21)
              at afterWrite (node:internal/streams/writable:708:5)
              at afterWriteTick (node:internal/streams/writable:694:10)
              at process.processTicksAndRejections (node:internal/process/task_queues:89:21)
    }
[00:18:31.496] [32mINFO[39m (4712): [36mrequest errored[39m
    [35mreq[39m: {
      "id": 27,
      "method": "PATCH",
      "url": "/api/state/e268c889-5335-4247-9278-48ba81fa9ab3"
    }
    [35mres[39m: {
      "statusCode": 500
    }
    [35mresponseTime[39m: 3
    err: {
      "type": "Error",
      "message": "failed with status code 500",
      "stack":
          Error: failed with status code 500
              at onResFinished (C:\Users\Ilya-\Downloads\MVPSimulationFirstDay-backup-current-version\node_modules\.pnpm\pino-http@10.5.0\node_modules\pino-http\logger.js:115:39)
              at ServerResponse.onResponseComplete (C:\Users\Ilya-\Downloads\MVPSimulationFirstDay-backup-current-version\node_modules\.pnpm\pino-http@10.5.0\node_modules\pino-http\logger.js:178:14)
              at ServerResponse.emit (node:events:521:24)
              at onFinish (node:_http_outgoing:1079:10)
              at callback (node:internal/streams/writable:764:21)
              at afterWrite (node:internal/streams/writable:708:5)
              at afterWriteTick (node:internal/streams/writable:694:10)
              at process.processTicksAndRejections (node:internal/process/task_queues:89:21)
    }
[00:18:31.501] [32mINFO[39m (4712): [36mrequest errored[39m
    [35mreq[39m: {
      "id": 28,
      "method": "PATCH",
      "url": "/api/state/e268c889-5335-4247-9278-48ba81fa9ab3"
    }
    [35mres[39m: {
      "statusCode": 500
    }
    [35mresponseTime[39m: 2
    err: {
      "type": "Error",
      "message": "failed with status code 500",
      "stack":
          Error: failed with status code 500
              at onResFinished (C:\Users\Ilya-\Downloads\MVPSimulationFirstDay-backup-current-version\node_modules\.pnpm\pino-http@10.5.0\node_modules\pino-http\logger.js:115:39)
              at ServerResponse.onResponseComplete (C:\Users\Ilya-\Downloads\MVPSimulationFirstDay-backup-current-version\node_modules\.pnpm\pino-http@10.5.0\node_modules\pino-http\logger.js:178:14)
              at ServerResponse.emit (node:events:521:24)
              at onFinish (node:_http_outgoing:1079:10)
              at callback (node:internal/streams/writable:764:21)
              at afterWrite (node:internal/streams/writable:708:5)
              at afterWriteTick (node:internal/streams/writable:694:10)
              at process.processTicksAndRejections (node:internal/process/task_queues:89:21)
    }
[00:18:31.507] [32mINFO[39m (4712): [36mrequest errored[39m
    [35mreq[39m: {
      "id": 29,
      "method": "PATCH",
      "url": "/api/state/e268c889-5335-4247-9278-48ba81fa9ab3"
    }
    [35mres[39m: {
      "statusCode": 500
    }
    [35mresponseTime[39m: 2
    err: {
      "type": "Error",
      "message": "failed with status code 500",
      "stack":
          Error: failed with status code 500
              at onResFinished (C:\Users\Ilya-\Downloads\MVPSimulationFirstDay-backup-current-version\node_modules\.pnpm\pino-http@10.5.0\node_modules\pino-http\logger.js:115:39)
              at ServerResponse.onResponseComplete (C:\Users\Ilya-\Downloads\MVPSimulationFirstDay-backup-current-version\node_modules\.pnpm\pino-http@10.5.0\node_modules\pino-http\logger.js:178:14)
              at ServerResponse.emit (node:events:521:24)
              at onFinish (node:_http_outgoing:1079:10)
              at callback (node:internal/streams/writable:764:21)
              at afterWrite (node:internal/streams/writable:708:5)
              at afterWriteTick (node:internal/streams/writable:694:10)
              at process.processTicksAndRejections (node:internal/process/task_queues:89:21)
    }
[00:18:31.514] [32mINFO[39m (4712): [36mrequest errored[39m
    [35mreq[39m: {
      "id": 30,
      "method": "PATCH",
      "url": "/api/state/e268c889-5335-4247-9278-48ba81fa9ab3"
    }
    [35mres[39m: {
      "statusCode": 500
    }
    [35mresponseTime[39m: 3
    err: {
      "type": "Error",
      "message": "failed with status code 500",
      "stack":
          Error: failed with status code 500
              at onResFinished (C:\Users\Ilya-\Downloads\MVPSimulationFirstDay-backup-current-version\node_modules\.pnpm\pino-http@10.5.0\node_modules\pino-http\logger.js:115:39)
              at ServerResponse.onResponseComplete (C:\Users\Ilya-\Downloads\MVPSimulationFirstDay-backup-current-version\node_modules\.pnpm\pino-http@10.5.0\node_modules\pino-http\logger.js:178:14)
              at ServerResponse.emit (node:events:521:24)
              at onFinish (node:_http_outgoing:1079:10)
              at callback (node:internal/streams/writable:764:21)
              at afterWrite (node:internal/streams/writable:708:5)
              at afterWriteTick (node:internal/streams/writable:694:10)
              at process.processTicksAndRejections (node:internal/process/task_queues:89:21)
    }
[00:18:31.520] [32mINFO[39m (4712): [36mrequest errored[39m
    [35mreq[39m: {
      "id": 31,
      "method": "PATCH",
      "url": "/api/state/e268c889-5335-4247-9278-48ba81fa9ab3"
    }
    [35mres[39m: {
      "statusCode": 500
    }
    [35mresponseTime[39m: 3
    err: {
      "type": "Error",
      "message": "failed with status code 500",
      "stack":
          Error: failed with status code 500
              at onResFinished (C:\Users\Ilya-\Downloads\MVPSimulationFirstDay-backup-current-version\node_modules\.pnpm\pino-http@10.5.0\node_modules\pino-http\logger.js:115:39)
              at ServerResponse.onResponseComplete (C:\Users\Ilya-\Downloads\MVPSimulationFirstDay-backup-current-version\node_modules\.pnpm\pino-http@10.5.0\node_modules\pino-http\logger.js:178:14)
              at ServerResponse.emit (node:events:521:24)
              at onFinish (node:_http_outgoing:1079:10)
              at callback (node:internal/streams/writable:764:21)
              at afterWrite (node:internal/streams/writable:708:5)
              at afterWriteTick (node:internal/streams/writable:694:10)
              at process.processTicksAndRejections (node:internal/process/task_queues:89:21)
    }
[00:18:31.528] [32mINFO[39m (4712): [36mrequest errored[39m
    [35mreq[39m: {
      "id": 32,
      "method": "PATCH",
      "url": "/api/state/e268c889-5335-4247-9278-48ba81fa9ab3"
    }
    [35mres[39m: {
      "statusCode": 500
    }
    [35mresponseTime[39m: 3
    err: {
      "type": "Error",
      "message": "failed with status code 500",
      "stack":
          Error: failed with status code 500
              at onResFinished (C:\Users\Ilya-\Downloads\MVPSimulationFirstDay-backup-current-version\node_modules\.pnpm\pino-http@10.5.0\node_modules\pino-http\logger.js:115:39)
              at ServerResponse.onResponseComplete (C:\Users\Ilya-\Downloads\MVPSimulationFirstDay-backup-current-version\node_modules\.pnpm\pino-http@10.5.0\node_modules\pino-http\logger.js:178:14)
              at ServerResponse.emit (node:events:521:24)
              at onFinish (node:_http_outgoing:1079:10)
              at callback (node:internal/streams/writable:764:21)
              at afterWrite (node:internal/streams/writable:708:5)
              at afterWriteTick (node:internal/streams/writable:694:10)
              at process.processTicksAndRejections (node:internal/process/task_queues:89:21)
    }
[00:18:31.534] [32mINFO[39m (4712): [36mrequest errored[39m
    [35mreq[39m: {
      "id": 33,
      "method": "PATCH",
      "url": "/api/state/e268c889-5335-4247-9278-48ba81fa9ab3"
    }
    [35mres[39m: {
      "statusCode": 500
    }
    [35mresponseTime[39m: 2
    err: {
      "type": "Error",
      "message": "failed with status code 500",
      "stack":
          Error: failed with status code 500
              at onResFinished (C:\Users\Ilya-\Downloads\MVPSimulationFirstDay-backup-current-version\node_modules\.pnpm\pino-http@10.5.0\node_modules\pino-http\logger.js:115:39)
              at ServerResponse.onResponseComplete (C:\Users\Ilya-\Downloads\MVPSimulationFirstDay-backup-current-version\node_modules\.pnpm\pino-http@10.5.0\node_modules\pino-http\logger.js:178:14)
              at ServerResponse.emit (node:events:521:24)
              at onFinish (node:_http_outgoing:1079:10)
              at callback (node:internal/streams/writable:764:21)
              at afterWrite (node:internal/streams/writable:708:5)
              at afterWriteTick (node:internal/streams/writable:694:10)
              at process.processTicksAndRejections (node:internal/process/task_queues:89:21)
    }
[00:18:31.540] [32mINFO[39m (4712): [36mrequest errored[39m
    [35mreq[39m: {
      "id": 34,
      "method": "PATCH",
      "url": "/api/state/e268c889-5335-4247-9278-48ba81fa9ab3"
    }
    [35mres[39m: {
      "statusCode": 500
    }
    [35mresponseTime[39m: 3
    err: {
      "type": "Error",
      "message": "failed with status code 500",
      "stack":
          Error: failed with status code 500
              at onResFinished (C:\Users\Ilya-\Downloads\MVPSimulationFirstDay-backup-current-version\node_modules\.pnpm\pino-http@10.5.0\node_modules\pino-http\logger.js:115:39)
              at ServerResponse.onResponseComplete (C:\Users\Ilya-\Downloads\MVPSimulationFirstDay-backup-current-version\node_modules\.pnpm\pino-http@10.5.0\node_modules\pino-http\logger.js:178:14)
              at ServerResponse.emit (node:events:521:24)
              at onFinish (node:_http_outgoing:1079:10)
              at callback (node:internal/streams/writable:764:21)
              at afterWrite (node:internal/streams/writable:708:5)
              at afterWriteTick (node:internal/streams/writable:694:10)
              at process.processTicksAndRejections (node:internal/process/task_queues:89:21)
    }
[00:18:31.545] [32mINFO[39m (4712): [36mrequest errored[39m
    [35mreq[39m: {
      "id": 35,
      "method": "PATCH",
      "url": "/api/state/e268c889-5335-4247-9278-48ba81fa9ab3"
    }
    [35mres[39m: {
      "statusCode": 500
    }
    [35mresponseTime[39m: 2
    err: {
      "type": "Error",
      "message": "failed with status code 500",
      "stack":
          Error: failed with status code 500
              at onResFinished (C:\Users\Ilya-\Downloads\MVPSimulationFirstDay-backup-current-version\node_modules\.pnpm\pino-http@10.5.0\node_modules\pino-http\logger.js:115:39)
              at ServerResponse.onResponseComplete (C:\Users\Ilya-\Downloads\MVPSimulationFirstDay-backup-current-version\node_modules\.pnpm\pino-http@10.5.0\node_modules\pino-http\logger.js:178:14)
              at ServerResponse.emit (node:events:521:24)
              at onFinish (node:_http_outgoing:1079:10)
              at callback (node:internal/streams/writable:764:21)
              at afterWrite (node:internal/streams/writable:708:5)
              at afterWriteTick (node:internal/streams/writable:694:10)
              at process.processTicksAndRejections (node:internal/process/task_queues:89:21)
    }
[00:18:31.550] [32mINFO[39m (4712): [36mrequest errored[39m
    [35mreq[39m: {
      "id": 36,
      "method": "PATCH",
      "url": "/api/state/e268c889-5335-4247-9278-48ba81fa9ab3"
    }
    [35mres[39m: {
      "statusCode": 500
    }
    [35mresponseTime[39m: 2
    err: {
      "type": "Error",
      "message": "failed with status code 500",
      "stack":
          Error: failed with status code 500
              at onResFinished (C:\Users\Ilya-\Downloads\MVPSimulationFirstDay-backup-current-version\node_modules\.pnpm\pino-http@10.5.0\node_modules\pino-http\logger.js:115:39)
              at ServerResponse.onResponseComplete (C:\Users\Ilya-\Downloads\MVPSimulationFirstDay-backup-current-version\node_modules\.pnpm\pino-http@10.5.0\node_modules\pino-http\logger.js:178:14)
              at ServerResponse.emit (node:events:521:24)
              at onFinish (node:_http_outgoing:1079:10)
              at callback (node:internal/streams/writable:764:21)
              at afterWrite (node:internal/streams/writable:708:5)
              at afterWriteTick (node:internal/streams/writable:694:10)
              at process.processTicksAndRejections (node:internal/process/task_queues:89:21)
    }
[00:18:34.597] [32mINFO[39m (4712): [36mrequest errored[39m
    [35mreq[39m: {
      "id": 37,
      "method": "POST",
      "url": "/api/register"
    }
    [35mres[39m: {
      "statusCode": 500
    }
    [35mresponseTime[39m: 4
    err: {
      "type": "Error",
      "message": "failed with status code 500",
      "stack":
          Error: failed with status code 500
              at onResFinished (C:\Users\Ilya-\Downloads\MVPSimulationFirstDay-backup-current-version\node_modules\.pnpm\pino-http@10.5.0\node_modules\pino-http\logger.js:115:39)
              at ServerResponse.onResponseComplete (C:\Users\Ilya-\Downloads\MVPSimulationFirstDay-backup-current-version\node_modules\.pnpm\pino-http@10.5.0\node_modules\pino-http\logger.js:178:14)
              at ServerResponse.emit (node:events:521:24)
              at onFinish (node:_http_outgoing:1079:10)
              at callback (node:internal/streams/writable:764:21)
              at afterWrite (node:internal/streams/writable:708:5)
              at afterWriteTick (node:internal/streams/writable:694:10)
              at process.processTicksAndRejections (node:internal/process/task_queues:89:21)
    }
[00:18:36.045] [32mINFO[39m (4712): [36mrequest errored[39m
    [35mreq[39m: {
      "id": 38,
      "method": "PATCH",
      "url": "/api/state/e268c889-5335-4247-9278-48ba81fa9ab3"
    }
    [35mres[39m: {
      "statusCode": 500
    }
    [35mresponseTime[39m: 2
    err: {
      "type": "Error",
      "message": "failed with status code 500",
      "stack":
          Error: failed with status code 500
              at onResFinished (C:\Users\Ilya-\Downloads\MVPSimulationFirstDay-backup-current-version\node_modules\.pnpm\pino-http@10.5.0\node_modules\pino-http\logger.js:115:39)
              at ServerResponse.onResponseComplete (C:\Users\Ilya-\Downloads\MVPSimulationFirstDay-backup-current-version\node_modules\.pnpm\pino-http@10.5.0\node_modules\pino-http\logger.js:178:14)
              at ServerResponse.emit (node:events:521:24)
              at onFinish (node:_http_outgoing:1079:10)
              at callback (node:internal/streams/writable:764:21)
              at afterWrite (node:internal/streams/writable:708:5)
              at afterWriteTick (node:internal/streams/writable:694:10)
              at process.processTicksAndRejections (node:internal/process/task_queues:89:21)
    }
[00:18:36.076] [32mINFO[39m (4712): [36mrequest errored[39m
    [35mreq[39m: {
      "id": 39,
      "method": "PATCH",
      "url": "/api/state/e268c889-5335-4247-9278-48ba81fa9ab3"
    }
    [35mres[39m: {
      "statusCode": 500
    }
    [35mresponseTime[39m: 3
    err: {
      "type": "Error",
      "message": "failed with status code 500",
      "stack":
          Error: failed with status code 500
              at onResFinished (C:\Users\Ilya-\Downloads\MVPSimulationFirstDay-backup-current-version\node_modules\.pnpm\pino-http@10.5.0\node_modules\pino-http\logger.js:115:39)
              at ServerResponse.onResponseComplete (C:\Users\Ilya-\Downloads\MVPSimulationFirstDay-backup-current-version\node_modules\.pnpm\pino-http@10.5.0\node_modules\pino-http\logger.js:178:14)
              at ServerResponse.emit (node:events:521:24)
              at onFinish (node:_http_outgoing:1079:10)
              at callback (node:internal/streams/writable:764:21)
              at afterWrite (node:internal/streams/writable:708:5)
              at afterWriteTick (node:internal/streams/writable:694:10)
              at process.processTicksAndRejections (node:internal/process/task_queues:89:21)
    }
[00:18:36.082] [32mINFO[39m (4712): [36mrequest errored[39m
    [35mreq[39m: {
      "id": 40,
      "method": "PATCH",
      "url": "/api/state/e268c889-5335-4247-9278-48ba81fa9ab3"
    }
    [35mres[39m: {
      "statusCode": 500
    }
    [35mresponseTime[39m: 1
    err: {
      "type": "Error",
      "message": "failed with status code 500",
      "stack":
          Error: failed with status code 500
              at onResFinished (C:\Users\Ilya-\Downloads\MVPSimulationFirstDay-backup-current-version\node_modules\.pnpm\pino-http@10.5.0\node_modules\pino-http\logger.js:115:39)
              at ServerResponse.onResponseComplete (C:\Users\Ilya-\Downloads\MVPSimulationFirstDay-backup-current-version\node_modules\.pnpm\pino-http@10.5.0\node_modules\pino-http\logger.js:178:14)
              at ServerResponse.emit (node:events:521:24)
              at onFinish (node:_http_outgoing:1079:10)
              at callback (node:internal/streams/writable:764:21)
              at afterWrite (node:internal/streams/writable:708:5)
              at afterWriteTick (node:internal/streams/writable:694:10)
              at process.processTicksAndRejections (node:internal/process/task_queues:89:21)
    }
[00:18:36.086] [32mINFO[39m (4712): [36mrequest errored[39m
    [35mreq[39m: {
      "id": 41,
      "method": "PATCH",
      "url": "/api/state/e268c889-5335-4247-9278-48ba81fa9ab3"
    }
    [35mres[39m: {
      "statusCode": 500
    }
    [35mresponseTime[39m: 1
    err: {
      "type": "Error",
      "message": "failed with status code 500",
      "stack":
          Error: failed with status code 500
              at onResFinished (C:\Users\Ilya-\Downloads\MVPSimulationFirstDay-backup-current-version\node_modules\.pnpm\pino-http@10.5.0\node_modules\pino-http\logger.js:115:39)
              at ServerResponse.onResponseComplete (C:\Users\Ilya-\Downloads\MVPSimulationFirstDay-backup-current-version\node_modules\.pnpm\pino-http@10.5.0\node_modules\pino-http\logger.js:178:14)
              at ServerResponse.emit (node:events:521:24)
              at onFinish (node:_http_outgoing:1079:10)
              at callback (node:internal/streams/writable:764:21)
              at afterWrite (node:internal/streams/writable:708:5)
              at afterWriteTick (node:internal/streams/writable:694:10)
              at process.processTicksAndRejections (node:internal/process/task_queues:89:21)
    }
[00:18:36.092] [32mINFO[39m (4712): [36mrequest errored[39m
    [35mreq[39m: {
      "id": 42,
      "method": "PATCH",
      "url": "/api/state/e268c889-5335-4247-9278-48ba81fa9ab3"
    }
    [35mres[39m: {
      "statusCode": 500
    }
    [35mresponseTime[39m: 2
    err: {
      "type": "Error",
      "message": "failed with status code 500",
      "stack":
          Error: failed with status code 500
              at onResFinished (C:\Users\Ilya-\Downloads\MVPSimulationFirstDay-backup-current-version\node_modules\.pnpm\pino-http@10.5.0\node_modules\pino-http\logger.js:115:39)
              at ServerResponse.onResponseComplete (C:\Users\Ilya-\Downloads\MVPSimulationFirstDay-backup-current-version\node_modules\.pnpm\pino-http@10.5.0\node_modules\pino-http\logger.js:178:14)
              at ServerResponse.emit (node:events:521:24)
              at onFinish (node:_http_outgoing:1079:10)
              at callback (node:internal/streams/writable:764:21)
              at afterWrite (node:internal/streams/writable:708:5)
              at afterWriteTick (node:internal/streams/writable:694:10)
              at process.processTicksAndRejections (node:internal/process/task_queues:89:21)
    }
[00:18:36.107] [32mINFO[39m (4712): [36mrequest errored[39m
    [35mreq[39m: {
      "id": 43,
      "method": "PATCH",
      "url": "/api/state/e268c889-5335-4247-9278-48ba81fa9ab3"
    }
    [35mres[39m: {
      "statusCode": 500
    }
    [35mresponseTime[39m: 3
    err: {
      "type": "Error",
      "message": "failed with status code 500",
      "stack":
          Error: failed with status code 500
              at onResFinished (C:\Users\Ilya-\Downloads\MVPSimulationFirstDay-backup-current-version\node_modules\.pnpm\pino-http@10.5.0\node_modules\pino-http\logger.js:115:39)
              at ServerResponse.onResponseComplete (C:\Users\Ilya-\Downloads\MVPSimulationFirstDay-backup-current-version\node_modules\.pnpm\pino-http@10.5.0\node_modules\pino-http\logger.js:178:14)
              at ServerResponse.emit (node:events:521:24)
              at onFinish (node:_http_outgoing:1079:10)
              at callback (node:internal/streams/writable:764:21)
              at afterWrite (node:internal/streams/writable:708:5)
              at afterWriteTick (node:internal/streams/writable:694:10)
              at process.processTicksAndRejections (node:internal/process/task_queues:89:21)
    }
[00:18:36.752] [32mINFO[39m (4712): [36mrequest errored[39m
    [35mreq[39m: {
      "id": 44,
      "method": "PATCH",
      "url": "/api/state/e268c889-5335-4247-9278-48ba81fa9ab3"
    }
    [35mres[39m: {
      "statusCode": 500
    }
    [35mresponseTime[39m: 2
    err: {
      "type": "Error",
      "message": "failed with status code 500",
      "stack":
          Error: failed with status code 500
              at onResFinished (C:\Users\Ilya-\Downloads\MVPSimulationFirstDay-backup-current-version\node_modules\.pnpm\pino-http@10.5.0\node_modules\pino-http\logger.js:115:39)
              at ServerResponse.onResponseComplete (C:\Users\Ilya-\Downloads\MVPSimulationFirstDay-backup-current-version\node_modules\.pnpm\pino-http@10.5.0\node_modules\pino-http\logger.js:178:14)
              at ServerResponse.emit (node:events:521:24)
              at onFinish (node:_http_outgoing:1079:10)
              at callback (node:internal/streams/writable:764:21)
              at afterWrite (node:internal/streams/writable:708:5)
              at afterWriteTick (node:internal/streams/writable:694:10)
              at process.processTicksAndRejections (node:internal/process/task_queues:89:21)
    }
[00:18:39.768] [32mINFO[39m (4712): [36mrequest errored[39m
    [35mreq[39m: {
      "id": 45,
      "method": "PATCH",
      "url": "/api/state/e268c889-5335-4247-9278-48ba81fa9ab3"
    }
    [35mres[39m: {
      "statusCode": 500
    }
    [35mresponseTime[39m: 3
    err: {
      "type": "Error",
      "message": "failed with status code 500",
      "stack":
          Error: failed with status code 500
              at onResFinished (C:\Users\Ilya-\Downloads\MVPSimulationFirstDay-backup-current-version\node_modules\.pnpm\pino-http@10.5.0\node_modules\pino-http\logger.js:115:39)
              at ServerResponse.onResponseComplete (C:\Users\Ilya-\Downloads\MVPSimulationFirstDay-backup-current-version\node_modules\.pnpm\pino-http@10.5.0\node_modules\pino-http\logger.js:178:14)
              at ServerResponse.emit (node:events:521:24)
              at onFinish (node:_http_outgoing:1079:10)
              at callback (node:internal/streams/writable:764:21)
              at afterWrite (node:internal/streams/writable:708:5)
              at afterWriteTick (node:internal/streams/writable:694:10)
              at process.processTicksAndRejections (node:internal/process/task_queues:89:21)
    }
[00:18:39.773] [32mINFO[39m (4712): [36mrequest errored[39m
    [35mreq[39m: {
      "id": 46,
      "method": "PATCH",
      "url": "/api/state/e268c889-5335-4247-9278-48ba81fa9ab3"
    }
    [35mres[39m: {
      "statusCode": 500
    }
    [35mresponseTime[39m: 2
    err: {
      "type": "Error",
      "message": "failed with status code 500",
      "stack":
          Error: failed with status code 500
              at onResFinished (C:\Users\Ilya-\Downloads\MVPSimulationFirstDay-backup-current-version\node_modules\.pnpm\pino-http@10.5.0\node_modules\pino-http\logger.js:115:39)
              at ServerResponse.onResponseComplete (C:\Users\Ilya-\Downloads\MVPSimulationFirstDay-backup-current-version\node_modules\.pnpm\pino-http@10.5.0\node_modules\pino-http\logger.js:178:14)
              at ServerResponse.emit (node:events:521:24)
              at onFinish (node:_http_outgoing:1079:10)
              at callback (node:internal/streams/writable:764:21)
              at afterWrite (node:internal/streams/writable:708:5)
              at afterWriteTick (node:internal/streams/writable:694:10)
              at process.processTicksAndRejections (node:internal/process/task_queues:89:21)
    }
[00:18:39.777] [32mINFO[39m (4712): [36mrequest errored[39m
    [35mreq[39m: {
      "id": 47,
      "method": "PATCH",
      "url": "/api/state/e268c889-5335-4247-9278-48ba81fa9ab3"
    }
    [35mres[39m: {
      "statusCode": 500
    }
    [35mresponseTime[39m: 1
    err: {
      "type": "Error",
      "message": "failed with status code 500",
      "stack":
          Error: failed with status code 500
              at onResFinished (C:\Users\Ilya-\Downloads\MVPSimulationFirstDay-backup-current-version\node_modules\.pnpm\pino-http@10.5.0\node_modules\pino-http\logger.js:115:39)
              at ServerResponse.onResponseComplete (C:\Users\Ilya-\Downloads\MVPSimulationFirstDay-backup-current-version\node_modules\.pnpm\pino-http@10.5.0\node_modules\pino-http\logger.js:178:14)
              at ServerResponse.emit (node:events:521:24)
              at onFinish (node:_http_outgoing:1079:10)
              at callback (node:internal/streams/writable:764:21)
              at afterWrite (node:internal/streams/writable:708:5)
              at afterWriteTick (node:internal/streams/writable:694:10)
              at process.processTicksAndRejections (node:internal/process/task_queues:89:21)
    }
[00:18:39.783] [32mINFO[39m (4712): [36mrequest errored[39m
    [35mreq[39m: {
      "id": 48,
      "method": "PATCH",
      "url": "/api/state/e268c889-5335-4247-9278-48ba81fa9ab3"
    }
    [35mres[39m: {
      "statusCode": 500
    }
    [35mresponseTime[39m: 1
    err: {
      "type": "Error",
      "message": "failed with status code 500",
      "stack":
          Error: failed with status code 500
              at onResFinished (C:\Users\Ilya-\Downloads\MVPSimulationFirstDay-backup-current-version\node_modules\.pnpm\pino-http@10.5.0\node_modules\pino-http\logger.js:115:39)
              at ServerResponse.onResponseComplete (C:\Users\Ilya-\Downloads\MVPSimulationFirstDay-backup-current-version\node_modules\.pnpm\pino-http@10.5.0\node_modules\pino-http\logger.js:178:14)
              at ServerResponse.emit (node:events:521:24)
              at onFinish (node:_http_outgoing:1079:10)
              at callback (node:internal/streams/writable:764:21)
              at afterWrite (node:internal/streams/writable:708:5)
              at afterWriteTick (node:internal/streams/writable:694:10)
              at process.processTicksAndRejections (node:internal/process/task_queues:89:21)
    }
[00:18:41.905] [32mINFO[39m (4712): [36mrequest errored[39m
    [35mreq[39m: {
      "id": 49,
      "method": "PATCH",
      "url": "/api/state/e268c889-5335-4247-9278-48ba81fa9ab3"
    }
    [35mres[39m: {
      "statusCode": 500
    }
    [35mresponseTime[39m: 3
    err: {
      "type": "Error",
      "message": "failed with status code 500",
      "stack":
          Error: failed with status code 500
              at onResFinished (C:\Users\Ilya-\Downloads\MVPSimulationFirstDay-backup-current-version\node_modules\.pnpm\pino-http@10.5.0\node_modules\pino-http\logger.js:115:39)
              at ServerResponse.onResponseComplete (C:\Users\Ilya-\Downloads\MVPSimulationFirstDay-backup-current-version\node_modules\.pnpm\pino-http@10.5.0\node_modules\pino-http\logger.js:178:14)
              at ServerResponse.emit (node:events:521:24)
              at onFinish (node:_http_outgoing:1079:10)
              at callback (node:internal/streams/writable:764:21)
              at afterWrite (node:internal/streams/writable:708:5)
              at afterWriteTick (node:internal/streams/writable:694:10)
              at process.processTicksAndRejections (node:internal/process/task_queues:89:21)
    }
[00:18:41.913] [32mINFO[39m (4712): [36mrequest errored[39m
    [35mreq[39m: {
      "id": 50,
      "method": "PATCH",
      "url": "/api/state/e268c889-5335-4247-9278-48ba81fa9ab3"
    }
    [35mres[39m: {
      "statusCode": 500
    }
    [35mresponseTime[39m: 1
    err: {
      "type": "Error",
      "message": "failed with status code 500",
      "stack":
          Error: failed with status code 500
              at onResFinished (C:\Users\Ilya-\Downloads\MVPSimulationFirstDay-backup-current-version\node_modules\.pnpm\pino-http@10.5.0\node_modules\pino-http\logger.js:115:39)
              at ServerResponse.onResponseComplete (C:\Users\Ilya-\Downloads\MVPSimulationFirstDay-backup-current-version\node_modules\.pnpm\pino-http@10.5.0\node_modules\pino-http\logger.js:178:14)
              at ServerResponse.emit (node:events:521:24)
              at onFinish (node:_http_outgoing:1079:10)
              at callback (node:internal/streams/writable:764:21)
              at afterWrite (node:internal/streams/writable:708:5)
              at afterWriteTick (node:internal/streams/writable:694:10)
              at process.processTicksAndRejections (node:internal/process/task_queues:89:21)
    }
[00:18:48.729] [32mINFO[39m (4712): [36mrequest errored[39m
    [35mreq[39m: {
      "id": 51,
      "method": "PATCH",
      "url": "/api/state/e268c889-5335-4247-9278-48ba81fa9ab3"
    }
    [35mres[39m: {
      "statusCode": 500
    }
    [35mresponseTime[39m: 3
    err: {
      "type": "Error",
      "message": "failed with status code 500",
      "stack":
          Error: failed with status code 500
              at onResFinished (C:\Users\Ilya-\Downloads\MVPSimulationFirstDay-backup-current-version\node_modules\.pnpm\pino-http@10.5.0\node_modules\pino-http\logger.js:115:39)
              at ServerResponse.onResponseComplete (C:\Users\Ilya-\Downloads\MVPSimulationFirstDay-backup-current-version\node_modules\.pnpm\pino-http@10.5.0\node_modules\pino-http\logger.js:178:14)
              at ServerResponse.emit (node:events:521:24)
              at onFinish (node:_http_outgoing:1079:10)
              at callback (node:internal/streams/writable:764:21)
              at afterWrite (node:internal/streams/writable:708:5)
              at afterWriteTick (node:internal/streams/writable:694:10)
              at process.processTicksAndRejections (node:internal/process/task_queues:89:21)
    }
[00:18:48.735] [32mINFO[39m (4712): [36mrequest errored[39m
    [35mreq[39m: {
      "id": 52,
      "method": "PATCH",
      "url": "/api/state/e268c889-5335-4247-9278-48ba81fa9ab3"
    }
    [35mres[39m: {
      "statusCode": 500
    }
    [35mresponseTime[39m: 2
    err: {
      "type": "Error",
      "message": "failed with status code 500",
      "stack":
          Error: failed with status code 500
              at onResFinished (C:\Users\Ilya-\Downloads\MVPSimulationFirstDay-backup-current-version\node_modules\.pnpm\pino-http@10.5.0\node_modules\pino-http\logger.js:115:39)
              at ServerResponse.onResponseComplete (C:\Users\Ilya-\Downloads\MVPSimulationFirstDay-backup-current-version\node_modules\.pnpm\pino-http@10.5.0\node_modules\pino-http\logger.js:178:14)
              at ServerResponse.emit (node:events:521:24)
              at onFinish (node:_http_outgoing:1079:10)
              at callback (node:internal/streams/writable:764:21)
              at afterWrite (node:internal/streams/writable:708:5)
              at afterWriteTick (node:internal/streams/writable:694:10)
              at process.processTicksAndRejections (node:internal/process/task_queues:89:21)
    }
[00:18:50.789] [32mINFO[39m (4712): [36mrequest errored[39m
    [35mreq[39m: {
      "id": 53,
      "method": "PATCH",
      "url": "/api/state/e268c889-5335-4247-9278-48ba81fa9ab3"
    }
    [35mres[39m: {
      "statusCode": 500
    }
    [35mresponseTime[39m: 2
    err: {
      "type": "Error",
      "message": "failed with status code 500",
      "stack":
          Error: failed with status code 500
              at onResFinished (C:\Users\Ilya-\Downloads\MVPSimulationFirstDay-backup-current-version\node_modules\.pnpm\pino-http@10.5.0\node_modules\pino-http\logger.js:115:39)
              at ServerResponse.onResponseComplete (C:\Users\Ilya-\Downloads\MVPSimulationFirstDay-backup-current-version\node_modules\.pnpm\pino-http@10.5.0\node_modules\pino-http\logger.js:178:14)
              at ServerResponse.emit (node:events:521:24)
              at onFinish (node:_http_outgoing:1079:10)
              at callback (node:internal/streams/writable:764:21)
              at afterWrite (node:internal/streams/writable:708:5)
              at afterWriteTick (node:internal/streams/writable:694:10)
              at process.processTicksAndRejections (node:internal/process/task_queues:89:21)
    }
[00:18:50.794] [32mINFO[39m (4712): [36mrequest errored[39m
    [35mreq[39m: {
      "id": 54,
      "method": "PATCH",
      "url": "/api/state/e268c889-5335-4247-9278-48ba81fa9ab3"
    }
    [35mres[39m: {
      "statusCode": 500
    }
    [35mresponseTime[39m: 2
    err: {
      "type": "Error",
      "message": "failed with status code 500",
      "stack":
          Error: failed with status code 500
              at onResFinished (C:\Users\Ilya-\Downloads\MVPSimulationFirstDay-backup-current-version\node_modules\.pnpm\pino-http@10.5.0\node_modules\pino-http\logger.js:115:39)
              at ServerResponse.onResponseComplete (C:\Users\Ilya-\Downloads\MVPSimulationFirstDay-backup-current-version\node_modules\.pnpm\pino-http@10.5.0\node_modules\pino-http\logger.js:178:14)
              at ServerResponse.emit (node:events:521:24)
              at onFinish (node:_http_outgoing:1079:10)
              at callback (node:internal/streams/writable:764:21)
              at afterWrite (node:internal/streams/writable:708:5)
              at afterWriteTick (node:internal/streams/writable:694:10)
              at process.processTicksAndRejections (node:internal/process/task_queues:89:21)
    }
[00:18:51.960] [32mINFO[39m (4712): [36mrequest errored[39m
    [35mreq[39m: {
      "id": 55,
      "method": "PATCH",
      "url": "/api/state/e268c889-5335-4247-9278-48ba81fa9ab3"
    }
    [35mres[39m: {
      "statusCode": 500
    }
    [35mresponseTime[39m: 2
    err: {
      "type": "Error",
      "message": "failed with status code 500",
      "stack":
          Error: failed with status code 500
              at onResFinished (C:\Users\Ilya-\Downloads\MVPSimulationFirstDay-backup-current-version\node_modules\.pnpm\pino-http@10.5.0\node_modules\pino-http\logger.js:115:39)
              at ServerResponse.onResponseComplete (C:\Users\Ilya-\Downloads\MVPSimulationFirstDay-backup-current-version\node_modules\.pnpm\pino-http@10.5.0\node_modules\pino-http\logger.js:178:14)
              at ServerResponse.emit (node:events:521:24)
              at onFinish (node:_http_outgoing:1079:10)
              at callback (node:internal/streams/writable:764:21)
              at afterWrite (node:internal/streams/writable:708:5)
              at afterWriteTick (node:internal/streams/writable:694:10)
              at process.processTicksAndRejections (node:internal/process/task_queues:89:21)
    }
[00:18:51.965] [32mINFO[39m (4712): [36mrequest errored[39m
    [35mreq[39m: {
      "id": 56,
      "method": "PATCH",
      "url": "/api/state/e268c889-5335-4247-9278-48ba81fa9ab3"
    }
    [35mres[39m: {
      "statusCode": 500
    }
    [35mresponseTime[39m: 1
    err: {
      "type": "Error",
      "message": "failed with status code 500",
      "stack":
          Error: failed with status code 500
              at onResFinished (C:\Users\Ilya-\Downloads\MVPSimulationFirstDay-backup-current-version\node_modules\.pnpm\pino-http@10.5.0\node_modules\pino-http\logger.js:115:39)
              at ServerResponse.onResponseComplete (C:\Users\Ilya-\Downloads\MVPSimulationFirstDay-backup-current-version\node_modules\.pnpm\pino-http@10.5.0\node_modules\pino-http\logger.js:178:14)
              at ServerResponse.emit (node:events:521:24)
              at onFinish (node:_http_outgoing:1079:10)
              at callback (node:internal/streams/writable:764:21)
              at afterWrite (node:internal/streams/writable:708:5)
              at afterWriteTick (node:internal/streams/writable:694:10)
              at process.processTicksAndRejections (node:internal/process/task_queues:89:21)
    }
[00:18:53.025] [32mINFO[39m (4712): [36mrequest errored[39m
    [35mreq[39m: {
      "id": 57,
      "method": "PATCH",
      "url": "/api/state/e268c889-5335-4247-9278-48ba81fa9ab3"
    }
    [35mres[39m: {
      "statusCode": 500
    }
    [35mresponseTime[39m: 2
    err: {
      "type": "Error",
      "message": "failed with status code 500",
      "stack":
          Error: failed with status code 500
              at onResFinished (C:\Users\Ilya-\Downloads\MVPSimulationFirstDay-backup-current-version\node_modules\.pnpm\pino-http@10.5.0\node_modules\pino-http\logger.js:115:39)
              at ServerResponse.onResponseComplete (C:\Users\Ilya-\Downloads\MVPSimulationFirstDay-backup-current-version\node_modules\.pnpm\pino-http@10.5.0\node_modules\pino-http\logger.js:178:14)
              at ServerResponse.emit (node:events:521:24)
              at onFinish (node:_http_outgoing:1079:10)
              at callback (node:internal/streams/writable:764:21)
              at afterWrite (node:internal/streams/writable:708:5)
              at afterWriteTick (node:internal/streams/writable:694:10)
              at process.processTicksAndRejections (node:internal/process/task_queues:89:21)
    }
[00:18:53.030] [32mINFO[39m (4712): [36mrequest errored[39m
    [35mreq[39m: {
      "id": 58,
      "method": "PATCH",
      "url": "/api/state/e268c889-5335-4247-9278-48ba81fa9ab3"
    }
    [35mres[39m: {
      "statusCode": 500
    }
    [35mresponseTime[39m: 1
    err: {
      "type": "Error",
      "message": "failed with status code 500",
      "stack":
          Error: failed with status code 500
              at onResFinished (C:\Users\Ilya-\Downloads\MVPSimulationFirstDay-backup-current-version\node_modules\.pnpm\pino-http@10.5.0\node_modules\pino-http\logger.js:115:39)
              at ServerResponse.onResponseComplete (C:\Users\Ilya-\Downloads\MVPSimulationFirstDay-backup-current-version\node_modules\.pnpm\pino-http@10.5.0\node_modules\pino-http\logger.js:178:14)
              at ServerResponse.emit (node:events:521:24)
              at onFinish (node:_http_outgoing:1079:10)
              at callback (node:internal/streams/writable:764:21)
              at afterWrite (node:internal/streams/writable:708:5)
              at afterWriteTick (node:internal/streams/writable:694:10)
              at process.processTicksAndRejections (node:internal/process/task_queues:89:21)
    }
[00:18:53.155] [32mINFO[39m (4712): [36mrequest errored[39m
    [35mreq[39m: {
      "id": 59,
      "method": "PATCH",
      "url": "/api/state/e268c889-5335-4247-9278-48ba81fa9ab3"
    }
    [35mres[39m: {
      "statusCode": 500
    }
    [35mresponseTime[39m: 2
    err: {
      "type": "Error",
      "message": "failed with status code 500",
      "stack":
          Error: failed with status code 500
              at onResFinished (C:\Users\Ilya-\Downloads\MVPSimulationFirstDay-backup-current-version\node_modules\.pnpm\pino-http@10.5.0\node_modules\pino-http\logger.js:115:39)
              at ServerResponse.onResponseComplete (C:\Users\Ilya-\Downloads\MVPSimulationFirstDay-backup-current-version\node_modules\.pnpm\pino-http@10.5.0\node_modules\pino-http\logger.js:178:14)
              at ServerResponse.emit (node:events:521:24)
              at onFinish (node:_http_outgoing:1079:10)
              at callback (node:internal/streams/writable:764:21)
              at afterWrite (node:internal/streams/writable:708:5)
              at afterWriteTick (node:internal/streams/writable:694:10)
              at process.processTicksAndRejections (node:internal/process/task_queues:89:21)
    }
[00:18:53.161] [32mINFO[39m (4712): [36mrequest errored[39m
    [35mreq[39m: {
      "id": 60,
      "method": "PATCH",
      "url": "/api/state/e268c889-5335-4247-9278-48ba81fa9ab3"
    }
    [35mres[39m: {
      "statusCode": 500
    }
    [35mresponseTime[39m: 2
    err: {
      "type": "Error",
      "message": "failed with status code 500",
      "stack":
          Error: failed with status code 500
              at onResFinished (C:\Users\Ilya-\Downloads\MVPSimulationFirstDay-backup-current-version\node_modules\.pnpm\pino-http@10.5.0\node_modules\pino-http\logger.js:115:39)
              at ServerResponse.onResponseComplete (C:\Users\Ilya-\Downloads\MVPSimulationFirstDay-backup-current-version\node_modules\.pnpm\pino-http@10.5.0\node_modules\pino-http\logger.js:178:14)
              at ServerResponse.emit (node:events:521:24)
              at onFinish (node:_http_outgoing:1079:10)
              at callback (node:internal/streams/writable:764:21)
              at afterWrite (node:internal/streams/writable:708:5)
              at afterWriteTick (node:internal/streams/writable:694:10)
              at process.processTicksAndRejections (node:internal/process/task_queues:89:21)
    }
[00:18:53.473] [32mINFO[39m (4712): [36mrequest errored[39m
    [35mreq[39m: {
      "id": 61,
      "method": "PATCH",
      "url": "/api/state/e268c889-5335-4247-9278-48ba81fa9ab3"
    }
    [35mres[39m: {
      "statusCode": 500
    }
    [35mresponseTime[39m: 2
    err: {
      "type": "Error",
      "message": "failed with status code 500",
      "stack":
          Error: failed with status code 500
              at onResFinished (C:\Users\Ilya-\Downloads\MVPSimulationFirstDay-backup-current-version\node_modules\.pnpm\pino-http@10.5.0\node_modules\pino-http\logger.js:115:39)
              at ServerResponse.onResponseComplete (C:\Users\Ilya-\Downloads\MVPSimulationFirstDay-backup-current-version\node_modules\.pnpm\pino-http@10.5.0\node_modules\pino-http\logger.js:178:14)
              at ServerResponse.emit (node:events:521:24)
              at onFinish (node:_http_outgoing:1079:10)
              at callback (node:internal/streams/writable:764:21)
              at afterWrite (node:internal/streams/writable:708:5)
              at afterWriteTick (node:internal/streams/writable:694:10)
              at process.processTicksAndRejections (node:internal/process/task_queues:89:21)
    }
[00:18:53.478] [32mINFO[39m (4712): [36mrequest errored[39m
    [35mreq[39m: {
      "id": 62,
      "method": "PATCH",
      "url": "/api/state/e268c889-5335-4247-9278-48ba81fa9ab3"
    }
    [35mres[39m: {
      "statusCode": 500
    }
    [35mresponseTime[39m: 2
    err: {
      "type": "Error",
      "message": "failed with status code 500",
      "stack":
          Error: failed with status code 500
              at onResFinished (C:\Users\Ilya-\Downloads\MVPSimulationFirstDay-backup-current-version\node_modules\.pnpm\pino-http@10.5.0\node_modules\pino-http\logger.js:115:39)
              at ServerResponse.onResponseComplete (C:\Users\Ilya-\Downloads\MVPSimulationFirstDay-backup-current-version\node_modules\.pnpm\pino-http@10.5.0\node_modules\pino-http\logger.js:178:14)
              at ServerResponse.emit (node:events:521:24)
              at onFinish (node:_http_outgoing:1079:10)
              at callback (node:internal/streams/writable:764:21)
              at afterWrite (node:internal/streams/writable:708:5)
              at afterWriteTick (node:internal/streams/writable:694:10)
              at process.processTicksAndRejections (node:internal/process/task_queues:89:21)
    }
[00:18:57.436] [32mINFO[39m (4712): [36mrequest errored[39m
    [35mreq[39m: {
      "id": 63,
      "method": "PATCH",
      "url": "/api/state/e268c889-5335-4247-9278-48ba81fa9ab3"
    }
    [35mres[39m: {
      "statusCode": 500
    }
    [35mresponseTime[39m: 2
    err: {
      "type": "Error",
      "message": "failed with status code 500",
      "stack":
          Error: failed with status code 500
              at onResFinished (C:\Users\Ilya-\Downloads\MVPSimulationFirstDay-backup-current-version\node_modules\.pnpm\pino-http@10.5.0\node_modules\pino-http\logger.js:115:39)
              at ServerResponse.onResponseComplete (C:\Users\Ilya-\Downloads\MVPSimulationFirstDay-backup-current-version\node_modules\.pnpm\pino-http@10.5.0\node_modules\pino-http\logger.js:178:14)
              at ServerResponse.emit (node:events:521:24)
              at onFinish (node:_http_outgoing:1079:10)
              at callback (node:internal/streams/writable:764:21)
              at afterWrite (node:internal/streams/writable:708:5)
              at afterWriteTick (node:internal/streams/writable:694:10)
              at process.processTicksAndRejections (node:internal/process/task_queues:89:21)
    }
[00:18:57.440] [32mINFO[39m (4712): [36mrequest errored[39m
    [35mreq[39m: {
      "id": 64,
      "method": "PATCH",
      "url": "/api/state/e268c889-5335-4247-9278-48ba81fa9ab3"
    }
    [35mres[39m: {
      "statusCode": 500
    }
    [35mresponseTime[39m: 1
    err: {
      "type": "Error",
      "message": "failed with status code 500",
      "stack":
          Error: failed with status code 500
              at onResFinished (C:\Users\Ilya-\Downloads\MVPSimulationFirstDay-backup-current-version\node_modules\.pnpm\pino-http@10.5.0\node_modules\pino-http\logger.js:115:39)
              at ServerResponse.onResponseComplete (C:\Users\Ilya-\Downloads\MVPSimulationFirstDay-backup-current-version\node_modules\.pnpm\pino-http@10.5.0\node_modules\pino-http\logger.js:178:14)
              at ServerResponse.emit (node:events:521:24)
              at onFinish (node:_http_outgoing:1079:10)
              at callback (node:internal/streams/writable:764:21)
              at afterWrite (node:internal/streams/writable:708:5)
              at afterWriteTick (node:internal/streams/writable:694:10)
              at process.processTicksAndRejections (node:internal/process/task_queues:89:21)
    }
[00:18:57.445] [32mINFO[39m (4712): [36mrequest errored[39m
    [35mreq[39m: {
      "id": 65,
      "method": "PATCH",
      "url": "/api/state/e268c889-5335-4247-9278-48ba81fa9ab3"
    }
    [35mres[39m: {
      "statusCode": 500
    }
    [35mresponseTime[39m: 2
    err: {
      "type": "Error",
      "message": "failed with status code 500",
      "stack":
          Error: failed with status code 500
              at onResFinished (C:\Users\Ilya-\Downloads\MVPSimulationFirstDay-backup-current-version\node_modules\.pnpm\pino-http@10.5.0\node_modules\pino-http\logger.js:115:39)
              at ServerResponse.onResponseComplete (C:\Users\Ilya-\Downloads\MVPSimulationFirstDay-backup-current-version\node_modules\.pnpm\pino-http@10.5.0\node_modules\pino-http\logger.js:178:14)
              at ServerResponse.emit (node:events:521:24)
              at onFinish (node:_http_outgoing:1079:10)
              at callback (node:internal/streams/writable:764:21)
              at afterWrite (node:internal/streams/writable:708:5)
              at afterWriteTick (node:internal/streams/writable:694:10)
              at process.processTicksAndRejections (node:internal/process/task_queues:89:21)
    }
[00:18:57.450] [32mINFO[39m (4712): [36mrequest errored[39m
    [35mreq[39m: {
      "id": 66,
      "method": "PATCH",
      "url": "/api/state/e268c889-5335-4247-9278-48ba81fa9ab3"
    }
    [35mres[39m: {
      "statusCode": 500
    }
    [35mresponseTime[39m: 2
    err: {
      "type": "Error",
      "message": "failed with status code 500",
      "stack":
          Error: failed with status code 500
              at onResFinished (C:\Users\Ilya-\Downloads\MVPSimulationFirstDay-backup-current-version\node_modules\.pnpm\pino-http@10.5.0\node_modules\pino-http\logger.js:115:39)
              at ServerResponse.onResponseComplete (C:\Users\Ilya-\Downloads\MVPSimulationFirstDay-backup-current-version\node_modules\.pnpm\pino-http@10.5.0\node_modules\pino-http\logger.js:178:14)
              at ServerResponse.emit (node:events:521:24)
              at onFinish (node:_http_outgoing:1079:10)
              at callback (node:internal/streams/writable:764:21)
              at afterWrite (node:internal/streams/writable:708:5)
              at afterWriteTick (node:internal/streams/writable:694:10)
              at process.processTicksAndRejections (node:internal/process/task_queues:89:21)
    }
[00:18:57.456] [32mINFO[39m (4712): [36mrequest errored[39m
    [35mreq[39m: {
      "id": 67,
      "method": "PATCH",
      "url": "/api/state/e268c889-5335-4247-9278-48ba81fa9ab3"
    }
    [35mres[39m: {
      "statusCode": 500
    }
    [35mresponseTime[39m: 2
    err: {
      "type": "Error",
      "message": "failed with status code 500",
      "stack":
          Error: failed with status code 500
              at onResFinished (C:\Users\Ilya-\Downloads\MVPSimulationFirstDay-backup-current-version\node_modules\.pnpm\pino-http@10.5.0\node_modules\pino-http\logger.js:115:39)
              at ServerResponse.onResponseComplete (C:\Users\Ilya-\Downloads\MVPSimulationFirstDay-backup-current-version\node_modules\.pnpm\pino-http@10.5.0\node_modules\pino-http\logger.js:178:14)
              at ServerResponse.emit (node:events:521:24)
              at onFinish (node:_http_outgoing:1079:10)
              at callback (node:internal/streams/writable:764:21)
              at afterWrite (node:internal/streams/writable:708:5)
              at afterWriteTick (node:internal/streams/writable:694:10)
              at process.processTicksAndRejections (node:internal/process/task_queues:89:21)
    }
[00:18:57.461] [32mINFO[39m (4712): [36mrequest errored[39m
    [35mreq[39m: {
      "id": 68,
      "method": "PATCH",
      "url": "/api/state/e268c889-5335-4247-9278-48ba81fa9ab3"
    }
    [35mres[39m: {
      "statusCode": 500
    }
    [35mresponseTime[39m: 2
    err: {
      "type": "Error",
      "message": "failed with status code 500",
      "stack":
          Error: failed with status code 500
              at onResFinished (C:\Users\Ilya-\Downloads\MVPSimulationFirstDay-backup-current-version\node_modules\.pnpm\pino-http@10.5.0\node_modules\pino-http\logger.js:115:39)
              at ServerResponse.onResponseComplete (C:\Users\Ilya-\Downloads\MVPSimulationFirstDay-backup-current-version\node_modules\.pnpm\pino-http@10.5.0\node_modules\pino-http\logger.js:178:14)
              at ServerResponse.emit (node:events:521:24)
              at onFinish (node:_http_outgoing:1079:10)
              at callback (node:internal/streams/writable:764:21)
              at afterWrite (node:internal/streams/writable:708:5)
              at afterWriteTick (node:internal/streams/writable:694:10)
              at process.processTicksAndRejections (node:internal/process/task_queues:89:21)
    }
[00:18:57.467] [32mINFO[39m (4712): [36mrequest errored[39m
    [35mreq[39m: {
      "id": 69,
      "method": "PATCH",
      "url": "/api/state/e268c889-5335-4247-9278-48ba81fa9ab3"
    }
    [35mres[39m: {
      "statusCode": 500
    }
    [35mresponseTime[39m: 2
    err: {
      "type": "Error",
      "message": "failed with status code 500",
      "stack":
          Error: failed with status code 500
              at onResFinished (C:\Users\Ilya-\Downloads\MVPSimulationFirstDay-backup-current-version\node_modules\.pnpm\pino-http@10.5.0\node_modules\pino-http\logger.js:115:39)
              at ServerResponse.onResponseComplete (C:\Users\Ilya-\Downloads\MVPSimulationFirstDay-backup-current-version\node_modules\.pnpm\pino-http@10.5.0\node_modules\pino-http\logger.js:178:14)
              at ServerResponse.emit (node:events:521:24)
              at onFinish (node:_http_outgoing:1079:10)
              at callback (node:internal/streams/writable:764:21)
              at afterWrite (node:internal/streams/writable:708:5)
              at afterWriteTick (node:internal/streams/writable:694:10)
              at process.processTicksAndRejections (node:internal/process/task_queues:89:21)
    }
[00:18:57.473] [32mINFO[39m (4712): [36mrequest errored[39m
    [35mreq[39m: {
      "id": 70,
      "method": "PATCH",
      "url": "/api/state/e268c889-5335-4247-9278-48ba81fa9ab3"
    }
    [35mres[39m: {
      "statusCode": 500
    }
    [35mresponseTime[39m: 2
    err: {
      "type": "Error",
      "message": "failed with status code 500",
      "stack":
          Error: failed with status code 500
              at onResFinished (C:\Users\Ilya-\Downloads\MVPSimulationFirstDay-backup-current-version\node_modules\.pnpm\pino-http@10.5.0\node_modules\pino-http\logger.js:115:39)
              at ServerResponse.onResponseComplete (C:\Users\Ilya-\Downloads\MVPSimulationFirstDay-backup-current-version\node_modules\.pnpm\pino-http@10.5.0\node_modules\pino-http\logger.js:178:14)
              at ServerResponse.emit (node:events:521:24)
              at onFinish (node:_http_outgoing:1079:10)
              at callback (node:internal/streams/writable:764:21)
              at afterWrite (node:internal/streams/writable:708:5)
              at afterWriteTick (node:internal/streams/writable:694:10)
              at process.processTicksAndRejections (node:internal/process/task_queues:89:21)
    }
[00:18:59.874] [32mINFO[39m (4712): [36mrequest errored[39m
    [35mreq[39m: {
      "id": 71,
      "method": "PATCH",
      "url": "/api/state/e268c889-5335-4247-9278-48ba81fa9ab3"
    }
    [35mres[39m: {
      "statusCode": 500
    }
    [35mresponseTime[39m: 3
    err: {
      "type": "Error",
      "message": "failed with status code 500",
      "stack":
          Error: failed with status code 500
              at onResFinished (C:\Users\Ilya-\Downloads\MVPSimulationFirstDay-backup-current-version\node_modules\.pnpm\pino-http@10.5.0\node_modules\pino-http\logger.js:115:39)
              at ServerResponse.onResponseComplete (C:\Users\Ilya-\Downloads\MVPSimulationFirstDay-backup-current-version\node_modules\.pnpm\pino-http@10.5.0\node_modules\pino-http\logger.js:178:14)
              at ServerResponse.emit (node:events:521:24)
              at onFinish (node:_http_outgoing:1079:10)
              at callback (node:internal/streams/writable:764:21)
              at afterWrite (node:internal/streams/writable:708:5)
              at afterWriteTick (node:internal/streams/writable:694:10)
              at process.processTicksAndRejections (node:internal/process/task_queues:89:21)
    }
[00:18:59.880] [32mINFO[39m (4712): [36mrequest errored[39m
    [35mreq[39m: {
      "id": 72,
      "method": "PATCH",
      "url": "/api/state/e268c889-5335-4247-9278-48ba81fa9ab3"
    }
    [35mres[39m: {
      "statusCode": 500
    }
    [35mresponseTime[39m: 3
    err: {
      "type": "Error",
      "message": "failed with status code 500",
      "stack":
          Error: failed with status code 500
              at onResFinished (C:\Users\Ilya-\Downloads\MVPSimulationFirstDay-backup-current-version\node_modules\.pnpm\pino-http@10.5.0\node_modules\pino-http\logger.js:115:39)
              at ServerResponse.onResponseComplete (C:\Users\Ilya-\Downloads\MVPSimulationFirstDay-backup-current-version\node_modules\.pnpm\pino-http@10.5.0\node_modules\pino-http\logger.js:178:14)
              at ServerResponse.emit (node:events:521:24)
              at onFinish (node:_http_outgoing:1079:10)
              at callback (node:internal/streams/writable:764:21)
              at afterWrite (node:internal/streams/writable:708:5)
              at afterWriteTick (node:internal/streams/writable:694:10)
              at process.processTicksAndRejections (node:internal/process/task_queues:89:21)
    }
[00:18:59.884] [32mINFO[39m (4712): [36mrequest errored[39m
    [35mreq[39m: {
      "id": 73,
      "method": "PATCH",
      "url": "/api/state/e268c889-5335-4247-9278-48ba81fa9ab3"
    }
    [35mres[39m: {
      "statusCode": 500
    }
    [35mresponseTime[39m: 2
    err: {
      "type": "Error",
      "message": "failed with status code 500",
      "stack":
          Error: failed with status code 500
              at onResFinished (C:\Users\Ilya-\Downloads\MVPSimulationFirstDay-backup-current-version\node_modules\.pnpm\pino-http@10.5.0\node_modules\pino-http\logger.js:115:39)
              at ServerResponse.onResponseComplete (C:\Users\Ilya-\Downloads\MVPSimulationFirstDay-backup-current-version\node_modules\.pnpm\pino-http@10.5.0\node_modules\pino-http\logger.js:178:14)
              at ServerResponse.emit (node:events:521:24)
              at onFinish (node:_http_outgoing:1079:10)
              at callback (node:internal/streams/writable:764:21)
              at afterWrite (node:internal/streams/writable:708:5)
              at afterWriteTick (node:internal/streams/writable:694:10)
              at process.processTicksAndRejections (node:internal/process/task_queues:89:21)
    }
[00:19:00.374] [32mINFO[39m (4712): [36mrequest errored[39m
    [35mreq[39m: {
      "id": 74,
      "method": "PATCH",
      "url": "/api/state/e268c889-5335-4247-9278-48ba81fa9ab3"
    }
    [35mres[39m: {
      "statusCode": 500
    }
    [35mresponseTime[39m: 1
    err: {
      "type": "Error",
      "message": "failed with status code 500",
      "stack":
          Error: failed with status code 500
              at onResFinished (C:\Users\Ilya-\Downloads\MVPSimulationFirstDay-backup-current-version\node_modules\.pnpm\pino-http@10.5.0\node_modules\pino-http\logger.js:115:39)
              at ServerResponse.onResponseComplete (C:\Users\Ilya-\Downloads\MVPSimulationFirstDay-backup-current-version\node_modules\.pnpm\pino-http@10.5.0\node_modules\pino-http\logger.js:178:14)
              at ServerResponse.emit (node:events:521:24)
              at onFinish (node:_http_outgoing:1079:10)
              at callback (node:internal/streams/writable:764:21)
              at afterWrite (node:internal/streams/writable:708:5)
              at afterWriteTick (node:internal/streams/writable:694:10)
              at process.processTicksAndRejections (node:internal/process/task_queues:89:21)
    }
[00:19:00.379] [32mINFO[39m (4712): [36mrequest errored[39m
    [35mreq[39m: {
      "id": 75,
      "method": "PATCH",
      "url": "/api/state/e268c889-5335-4247-9278-48ba81fa9ab3"
    }
    [35mres[39m: {
      "statusCode": 500
    }
    [35mresponseTime[39m: 2
    err: {
      "type": "Error",
      "message": "failed with status code 500",
      "stack":
          Error: failed with status code 500
              at onResFinished (C:\Users\Ilya-\Downloads\MVPSimulationFirstDay-backup-current-version\node_modules\.pnpm\pino-http@10.5.0\node_modules\pino-http\logger.js:115:39)
              at ServerResponse.onResponseComplete (C:\Users\Ilya-\Downloads\MVPSimulationFirstDay-backup-current-version\node_modules\.pnpm\pino-http@10.5.0\node_modules\pino-http\logger.js:178:14)
              at ServerResponse.emit (node:events:521:24)
              at onFinish (node:_http_outgoing:1079:10)
              at callback (node:internal/streams/writable:764:21)
              at afterWrite (node:internal/streams/writable:708:5)
              at afterWriteTick (node:internal/streams/writable:694:10)
              at process.processTicksAndRejections (node:internal/process/task_queues:89:21)
    }
[00:19:00.384] [32mINFO[39m (4712): [36mrequest errored[39m
    [35mreq[39m: {
      "id": 76,
      "method": "PATCH",
      "url": "/api/state/e268c889-5335-4247-9278-48ba81fa9ab3"
    }
    [35mres[39m: {
      "statusCode": 500
    }
    [35mresponseTime[39m: 1
    err: {
      "type": "Error",
      "message": "failed with status code 500",
      "stack":
          Error: failed with status code 500
              at onResFinished (C:\Users\Ilya-\Downloads\MVPSimulationFirstDay-backup-current-version\node_modules\.pnpm\pino-http@10.5.0\node_modules\pino-http\logger.js:115:39)
              at ServerResponse.onResponseComplete (C:\Users\Ilya-\Downloads\MVPSimulationFirstDay-backup-current-version\node_modules\.pnpm\pino-http@10.5.0\node_modules\pino-http\logger.js:178:14)
              at ServerResponse.emit (node:events:521:24)
              at onFinish (node:_http_outgoing:1079:10)
              at callback (node:internal/streams/writable:764:21)
              at afterWrite (node:internal/streams/writable:708:5)
              at afterWriteTick (node:internal/streams/writable:694:10)
              at process.processTicksAndRejections (node:internal/process/task_queues:89:21)
    }
[00:19:02.747] [32mINFO[39m (4712): [36mrequest errored[39m
    [35mreq[39m: {
      "id": 77,
      "method": "PATCH",
      "url": "/api/state/e268c889-5335-4247-9278-48ba81fa9ab3"
    }
    [35mres[39m: {
      "statusCode": 500
    }
    [35mresponseTime[39m: 2
    err: {
      "type": "Error",
      "message": "failed with status code 500",
      "stack":
          Error: failed with status code 500
              at onResFinished (C:\Users\Ilya-\Downloads\MVPSimulationFirstDay-backup-current-version\node_modules\.pnpm\pino-http@10.5.0\node_modules\pino-http\logger.js:115:39)
              at ServerResponse.onResponseComplete (C:\Users\Ilya-\Downloads\MVPSimulationFirstDay-backup-current-version\node_modules\.pnpm\pino-http@10.5.0\node_modules\pino-http\logger.js:178:14)
              at ServerResponse.emit (node:events:521:24)
              at onFinish (node:_http_outgoing:1079:10)
              at callback (node:internal/streams/writable:764:21)
              at afterWrite (node:internal/streams/writable:708:5)
              at afterWriteTick (node:internal/streams/writable:694:10)
              at process.processTicksAndRejections (node:internal/process/task_queues:89:21)
    }
[00:19:02.752] [32mINFO[39m (4712): [36mrequest errored[39m
    [35mreq[39m: {
      "id": 78,
      "method": "PATCH",
      "url": "/api/state/e268c889-5335-4247-9278-48ba81fa9ab3"
    }
    [35mres[39m: {
      "statusCode": 500
    }
    [35mresponseTime[39m: 2
    err: {
      "type": "Error",
      "message": "failed with status code 500",
      "stack":
          Error: failed with status code 500
              at onResFinished (C:\Users\Ilya-\Downloads\MVPSimulationFirstDay-backup-current-version\node_modules\.pnpm\pino-http@10.5.0\node_modules\pino-http\logger.js:115:39)
              at ServerResponse.onResponseComplete (C:\Users\Ilya-\Downloads\MVPSimulationFirstDay-backup-current-version\node_modules\.pnpm\pino-http@10.5.0\node_modules\pino-http\logger.js:178:14)
              at ServerResponse.emit (node:events:521:24)
              at onFinish (node:_http_outgoing:1079:10)
              at callback (node:internal/streams/writable:764:21)
              at afterWrite (node:internal/streams/writable:708:5)
              at afterWriteTick (node:internal/streams/writable:694:10)
              at process.processTicksAndRejections (node:internal/process/task_queues:89:21)
    }
[00:19:03.314] [32mINFO[39m (4712): [36mrequest errored[39m
    [35mreq[39m: {
      "id": 79,
      "method": "PATCH",
      "url": "/api/state/e268c889-5335-4247-9278-48ba81fa9ab3"
    }
    [35mres[39m: {
      "statusCode": 500
    }
    [35mresponseTime[39m: 2
    err: {
      "type": "Error",
      "message": "failed with status code 500",
      "stack":
          Error: failed with status code 500
              at onResFinished (C:\Users\Ilya-\Downloads\MVPSimulationFirstDay-backup-current-version\node_modules\.pnpm\pino-http@10.5.0\node_modules\pino-http\logger.js:115:39)
              at ServerResponse.onResponseComplete (C:\Users\Ilya-\Downloads\MVPSimulationFirstDay-backup-current-version\node_modules\.pnpm\pino-http@10.5.0\node_modules\pino-http\logger.js:178:14)
              at ServerResponse.emit (node:events:521:24)
              at onFinish (node:_http_outgoing:1079:10)
              at callback (node:internal/streams/writable:764:21)
              at afterWrite (node:internal/streams/writable:708:5)
              at afterWriteTick (node:internal/streams/writable:694:10)
              at process.processTicksAndRejections (node:internal/process/task_queues:89:21)
    }
[00:19:03.319] [32mINFO[39m (4712): [36mrequest errored[39m
    [35mreq[39m: {
      "id": 80,
      "method": "PATCH",
      "url": "/api/state/e268c889-5335-4247-9278-48ba81fa9ab3"
    }
    [35mres[39m: {
      "statusCode": 500
    }
    [35mresponseTime[39m: 2
    err: {
      "type": "Error",
      "message": "failed with status code 500",
      "stack":
          Error: failed with status code 500
              at onResFinished (C:\Users\Ilya-\Downloads\MVPSimulationFirstDay-backup-current-version\node_modules\.pnpm\pino-http@10.5.0\node_modules\pino-http\logger.js:115:39)
              at ServerResponse.onResponseComplete (C:\Users\Ilya-\Downloads\MVPSimulationFirstDay-backup-current-version\node_modules\.pnpm\pino-http@10.5.0\node_modules\pino-http\logger.js:178:14)
              at ServerResponse.emit (node:events:521:24)
              at onFinish (node:_http_outgoing:1079:10)
              at callback (node:internal/streams/writable:764:21)
              at afterWrite (node:internal/streams/writable:708:5)
              at afterWriteTick (node:internal/streams/writable:694:10)
              at process.processTicksAndRejections (node:internal/process/task_queues:89:21)
    }
[00:19:04.128] [32mINFO[39m (4712): [36mrequest errored[39m
    [35mreq[39m: {
      "id": 81,
      "method": "PATCH",
      "url": "/api/state/e268c889-5335-4247-9278-48ba81fa9ab3"
    }
    [35mres[39m: {
      "statusCode": 500
    }
    [35mresponseTime[39m: 2
    err: {
      "type": "Error",
      "message": "failed with status code 500",
      "stack":
          Error: failed with status code 500
              at onResFinished (C:\Users\Ilya-\Downloads\MVPSimulationFirstDay-backup-current-version\node_modules\.pnpm\pino-http@10.5.0\node_modules\pino-http\logger.js:115:39)
              at ServerResponse.onResponseComplete (C:\Users\Ilya-\Downloads\MVPSimulationFirstDay-backup-current-version\node_modules\.pnpm\pino-http@10.5.0\node_modules\pino-http\logger.js:178:14)
              at ServerResponse.emit (node:events:521:24)
              at onFinish (node:_http_outgoing:1079:10)
              at callback (node:internal/streams/writable:764:21)
              at afterWrite (node:internal/streams/writable:708:5)
              at afterWriteTick (node:internal/streams/writable:694:10)
              at process.processTicksAndRejections (node:internal/process/task_queues:89:21)
    }
[00:19:04.134] [32mINFO[39m (4712): [36mrequest errored[39m
    [35mreq[39m: {
      "id": 82,
      "method": "PATCH",
      "url": "/api/state/e268c889-5335-4247-9278-48ba81fa9ab3"
    }
    [35mres[39m: {
      "statusCode": 500
    }
    [35mresponseTime[39m: 2
    err: {
      "type": "Error",
      "message": "failed with status code 500",
      "stack":
          Error: failed with status code 500
              at onResFinished (C:\Users\Ilya-\Downloads\MVPSimulationFirstDay-backup-current-version\node_modules\.pnpm\pino-http@10.5.0\node_modules\pino-http\logger.js:115:39)
              at ServerResponse.onResponseComplete (C:\Users\Ilya-\Downloads\MVPSimulationFirstDay-backup-current-version\node_modules\.pnpm\pino-http@10.5.0\node_modules\pino-http\logger.js:178:14)
              at ServerResponse.emit (node:events:521:24)
              at onFinish (node:_http_outgoing:1079:10)
              at callback (node:internal/streams/writable:764:21)
              at afterWrite (node:internal/streams/writable:708:5)
              at afterWriteTick (node:internal/streams/writable:694:10)
              at process.processTicksAndRejections (node:internal/process/task_queues:89:21)
    }
[00:19:07.019] [32mINFO[39m (4712): [36mrequest errored[39m
    [35mreq[39m: {
      "id": 83,
      "method": "PATCH",
      "url": "/api/state/e268c889-5335-4247-9278-48ba81fa9ab3"
    }
    [35mres[39m: {
      "statusCode": 500
    }
    [35mresponseTime[39m: 2
    err: {
      "type": "Error",
      "message": "failed with status code 500",
      "stack":
          Error: failed with status code 500
              at onResFinished (C:\Users\Ilya-\Downloads\MVPSimulationFirstDay-backup-current-version\node_modules\.pnpm\pino-http@10.5.0\node_modules\pino-http\logger.js:115:39)
              at ServerResponse.onResponseComplete (C:\Users\Ilya-\Downloads\MVPSimulationFirstDay-backup-current-version\node_modules\.pnpm\pino-http@10.5.0\node_modules\pino-http\logger.js:178:14)
              at ServerResponse.emit (node:events:521:24)
              at onFinish (node:_http_outgoing:1079:10)
              at callback (node:internal/streams/writable:764:21)
              at afterWrite (node:internal/streams/writable:708:5)
              at afterWriteTick (node:internal/streams/writable:694:10)
              at process.processTicksAndRejections (node:internal/process/task_queues:89:21)
    }
[00:19:07.023] [32mINFO[39m (4712): [36mrequest errored[39m
    [35mreq[39m: {
      "id": 84,
      "method": "PATCH",
      "url": "/api/state/e268c889-5335-4247-9278-48ba81fa9ab3"
    }
    [35mres[39m: {
      "statusCode": 500
    }
    [35mresponseTime[39m: 2
    err: {
      "type": "Error",
      "message": "failed with status code 500",
      "stack":
          Error: failed with status code 500
              at onResFinished (C:\Users\Ilya-\Downloads\MVPSimulationFirstDay-backup-current-version\node_modules\.pnpm\pino-http@10.5.0\node_modules\pino-http\logger.js:115:39)
              at ServerResponse.onResponseComplete (C:\Users\Ilya-\Downloads\MVPSimulationFirstDay-backup-current-version\node_modules\.pnpm\pino-http@10.5.0\node_modules\pino-http\logger.js:178:14)
              at ServerResponse.emit (node:events:521:24)
              at onFinish (node:_http_outgoing:1079:10)
              at callback (node:internal/streams/writable:764:21)
              at afterWrite (node:internal/streams/writable:708:5)
              at afterWriteTick (node:internal/streams/writable:694:10)
              at process.processTicksAndRejections (node:internal/process/task_queues:89:21)
    }
[00:19:07.028] [32mINFO[39m (4712): [36mrequest errored[39m
    [35mreq[39m: {
      "id": 85,
      "method": "PATCH",
      "url": "/api/state/e268c889-5335-4247-9278-48ba81fa9ab3"
    }
    [35mres[39m: {
      "statusCode": 500
    }
    [35mresponseTime[39m: 1
    err: {
      "type": "Error",
      "message": "failed with status code 500",
      "stack":
          Error: failed with status code 500
              at onResFinished (C:\Users\Ilya-\Downloads\MVPSimulationFirstDay-backup-current-version\node_modules\.pnpm\pino-http@10.5.0\node_modules\pino-http\logger.js:115:39)
              at ServerResponse.onResponseComplete (C:\Users\Ilya-\Downloads\MVPSimulationFirstDay-backup-current-version\node_modules\.pnpm\pino-http@10.5.0\node_modules\pino-http\logger.js:178:14)
              at ServerResponse.emit (node:events:521:24)
              at onFinish (node:_http_outgoing:1079:10)
              at callback (node:internal/streams/writable:764:21)
              at afterWrite (node:internal/streams/writable:708:5)
              at afterWriteTick (node:internal/streams/writable:694:10)
              at process.processTicksAndRejections (node:internal/process/task_queues:89:21)
    }
[00:19:07.034] [32mINFO[39m (4712): [36mrequest errored[39m
    [35mreq[39m: {
      "id": 86,
      "method": "PATCH",
      "url": "/api/state/e268c889-5335-4247-9278-48ba81fa9ab3"
    }
    [35mres[39m: {
      "statusCode": 500
    }
    [35mresponseTime[39m: 2
    err: {
      "type": "Error",
      "message": "failed with status code 500",
      "stack":
          Error: failed with status code 500
              at onResFinished (C:\Users\Ilya-\Downloads\MVPSimulationFirstDay-backup-current-version\node_modules\.pnpm\pino-http@10.5.0\node_modules\pino-http\logger.js:115:39)
              at ServerResponse.onResponseComplete (C:\Users\Ilya-\Downloads\MVPSimulationFirstDay-backup-current-version\node_modules\.pnpm\pino-http@10.5.0\node_modules\pino-http\logger.js:178:14)
              at ServerResponse.emit (node:events:521:24)
              at onFinish (node:_http_outgoing:1079:10)
              at callback (node:internal/streams/writable:764:21)
              at afterWrite (node:internal/streams/writable:708:5)
              at afterWriteTick (node:internal/streams/writable:694:10)
              at process.processTicksAndRejections (node:internal/process/task_queues:89:21)
    }
[00:19:07.039] [32mINFO[39m (4712): [36mrequest errored[39m
    [35mreq[39m: {
      "id": 87,
      "method": "PATCH",
      "url": "/api/state/e268c889-5335-4247-9278-48ba81fa9ab3"
    }
    [35mres[39m: {
      "statusCode": 500
    }
    [35mresponseTime[39m: 1
    err: {
      "type": "Error",
      "message": "failed with status code 500",
      "stack":
          Error: failed with status code 500
              at onResFinished (C:\Users\Ilya-\Downloads\MVPSimulationFirstDay-backup-current-version\node_modules\.pnpm\pino-http@10.5.0\node_modules\pino-http\logger.js:115:39)
              at ServerResponse.onResponseComplete (C:\Users\Ilya-\Downloads\MVPSimulationFirstDay-backup-current-version\node_modules\.pnpm\pino-http@10.5.0\node_modules\pino-http\logger.js:178:14)
              at ServerResponse.emit (node:events:521:24)
              at onFinish (node:_http_outgoing:1079:10)
              at callback (node:internal/streams/writable:764:21)
              at afterWrite (node:internal/streams/writable:708:5)
              at afterWriteTick (node:internal/streams/writable:694:10)
              at process.processTicksAndRejections (node:internal/process/task_queues:89:21)
    }
[00:19:07.044] [32mINFO[39m (4712): [36mrequest errored[39m
    [35mreq[39m: {
      "id": 88,
      "method": "PATCH",
      "url": "/api/state/e268c889-5335-4247-9278-48ba81fa9ab3"
    }
    [35mres[39m: {
      "statusCode": 500
    }
    [35mresponseTime[39m: 2
    err: {
      "type": "Error",
      "message": "failed with status code 500",
      "stack":
          Error: failed with status code 500
              at onResFinished (C:\Users\Ilya-\Downloads\MVPSimulationFirstDay-backup-current-version\node_modules\.pnpm\pino-http@10.5.0\node_modules\pino-http\logger.js:115:39)
              at ServerResponse.onResponseComplete (C:\Users\Ilya-\Downloads\MVPSimulationFirstDay-backup-current-version\node_modules\.pnpm\pino-http@10.5.0\node_modules\pino-http\logger.js:178:14)
              at ServerResponse.emit (node:events:521:24)
              at onFinish (node:_http_outgoing:1079:10)
              at callback (node:internal/streams/writable:764:21)
              at afterWrite (node:internal/streams/writable:708:5)
              at afterWriteTick (node:internal/streams/writable:694:10)
              at process.processTicksAndRejections (node:internal/process/task_queues:89:21)
    }
[00:19:07.735] [32mINFO[39m (4712): [36mrequest errored[39m
    [35mreq[39m: {
      "id": 89,
      "method": "PATCH",
      "url": "/api/state/e268c889-5335-4247-9278-48ba81fa9ab3"
    }
    [35mres[39m: {
      "statusCode": 500
    }
    [35mresponseTime[39m: 2
    err: {
      "type": "Error",
      "message": "failed with status code 500",
      "stack":
          Error: failed with status code 500
              at onResFinished (C:\Users\Ilya-\Downloads\MVPSimulationFirstDay-backup-current-version\node_modules\.pnpm\pino-http@10.5.0\node_modules\pino-http\logger.js:115:39)
              at ServerResponse.onResponseComplete (C:\Users\Ilya-\Downloads\MVPSimulationFirstDay-backup-current-version\node_modules\.pnpm\pino-http@10.5.0\node_modules\pino-http\logger.js:178:14)
              at ServerResponse.emit (node:events:521:24)
              at onFinish (node:_http_outgoing:1079:10)
              at callback (node:internal/streams/writable:764:21)
              at afterWrite (node:internal/streams/writable:708:5)
              at afterWriteTick (node:internal/streams/writable:694:10)
              at process.processTicksAndRejections (node:internal/process/task_queues:89:21)
    }
[00:19:07.740] [32mINFO[39m (4712): [36mrequest errored[39m
    [35mreq[39m: {
      "id": 90,
      "method": "PATCH",
      "url": "/api/state/e268c889-5335-4247-9278-48ba81fa9ab3"
    }
    [35mres[39m: {
      "statusCode": 500
    }
    [35mresponseTime[39m: 2
    err: {
      "type": "Error",
      "message": "failed with status code 500",
      "stack":
          Error: failed with status code 500
              at onResFinished (C:\Users\Ilya-\Downloads\MVPSimulationFirstDay-backup-current-version\node_modules\.pnpm\pino-http@10.5.0\node_modules\pino-http\logger.js:115:39)
              at ServerResponse.onResponseComplete (C:\Users\Ilya-\Downloads\MVPSimulationFirstDay-backup-current-version\node_modules\.pnpm\pino-http@10.5.0\node_modules\pino-http\logger.js:178:14)
              at ServerResponse.emit (node:events:521:24)
              at onFinish (node:_http_outgoing:1079:10)
              at callback (node:internal/streams/writable:764:21)
              at afterWrite (node:internal/streams/writable:708:5)
              at afterWriteTick (node:internal/streams/writable:694:10)
              at process.processTicksAndRejections (node:internal/process/task_queues:89:21)
    }
[00:19:07.746] [32mINFO[39m (4712): [36mrequest errored[39m
    [35mreq[39m: {
      "id": 91,
      "method": "PATCH",
      "url": "/api/state/e268c889-5335-4247-9278-48ba81fa9ab3"
    }
    [35mres[39m: {
      "statusCode": 500
    }
    [35mresponseTime[39m: 3
    err: {
      "type": "Error",
      "message": "failed with status code 500",
      "stack":
          Error: failed with status code 500
              at onResFinished (C:\Users\Ilya-\Downloads\MVPSimulationFirstDay-backup-current-version\node_modules\.pnpm\pino-http@10.5.0\node_modules\pino-http\logger.js:115:39)
              at ServerResponse.onResponseComplete (C:\Users\Ilya-\Downloads\MVPSimulationFirstDay-backup-current-version\node_modules\.pnpm\pino-http@10.5.0\node_modules\pino-http\logger.js:178:14)
              at ServerResponse.emit (node:events:521:24)
              at onFinish (node:_http_outgoing:1079:10)
              at callback (node:internal/streams/writable:764:21)
              at afterWrite (node:internal/streams/writable:708:5)
              at afterWriteTick (node:internal/streams/writable:694:10)
              at process.processTicksAndRejections (node:internal/process/task_queues:89:21)
    }
[00:19:10.046] [32mINFO[39m (4712): [36mrequest errored[39m
    [35mreq[39m: {
      "id": 92,
      "method": "PATCH",
      "url": "/api/state/e268c889-5335-4247-9278-48ba81fa9ab3"
    }
    [35mres[39m: {
      "statusCode": 500
    }
    [35mresponseTime[39m: 1
    err: {
      "type": "Error",
      "message": "failed with status code 500",
      "stack":
          Error: failed with status code 500
              at onResFinished (C:\Users\Ilya-\Downloads\MVPSimulationFirstDay-backup-current-version\node_modules\.pnpm\pino-http@10.5.0\node_modules\pino-http\logger.js:115:39)
              at ServerResponse.onResponseComplete (C:\Users\Ilya-\Downloads\MVPSimulationFirstDay-backup-current-version\node_modules\.pnpm\pino-http@10.5.0\node_modules\pino-http\logger.js:178:14)
              at ServerResponse.emit (node:events:521:24)
              at onFinish (node:_http_outgoing:1079:10)
              at callback (node:internal/streams/writable:764:21)
              at afterWrite (node:internal/streams/writable:708:5)
              at afterWriteTick (node:internal/streams/writable:694:10)
              at process.processTicksAndRejections (node:internal/process/task_queues:89:21)
    }
[00:19:12.713] [32mINFO[39m (4712): [36mrequest errored[39m
    [35mreq[39m: {
      "id": 93,
      "method": "PATCH",
      "url": "/api/state/e268c889-5335-4247-9278-48ba81fa9ab3"
    }
    [35mres[39m: {
      "statusCode": 500
    }
    [35mresponseTime[39m: 2
    err: {
      "type": "Error",
      "message": "failed with status code 500",
      "stack":
          Error: failed with status code 500
              at onResFinished (C:\Users\Ilya-\Downloads\MVPSimulationFirstDay-backup-current-version\node_modules\.pnpm\pino-http@10.5.0\node_modules\pino-http\logger.js:115:39)
              at ServerResponse.onResponseComplete (C:\Users\Ilya-\Downloads\MVPSimulationFirstDay-backup-current-version\node_modules\.pnpm\pino-http@10.5.0\node_modules\pino-http\logger.js:178:14)
              at ServerResponse.emit (node:events:521:24)
              at onFinish (node:_http_outgoing:1079:10)
              at callback (node:internal/streams/writable:764:21)
              at afterWrite (node:internal/streams/writable:708:5)
              at afterWriteTick (node:internal/streams/writable:694:10)
              at process.processTicksAndRejections (node:internal/process/task_queues:89:21)
    }
[00:19:14.166] [32mINFO[39m (4712): [36mrequest errored[39m
    [35mreq[39m: {
      "id": 94,
      "method": "PATCH",
      "url": "/api/state/e268c889-5335-4247-9278-48ba81fa9ab3"
    }
    [35mres[39m: {
      "statusCode": 500
    }
    [35mresponseTime[39m: 2
    err: {
      "type": "Error",
      "message": "failed with status code 500",
      "stack":
          Error: failed with status code 500
              at onResFinished (C:\Users\Ilya-\Downloads\MVPSimulationFirstDay-backup-current-version\node_modules\.pnpm\pino-http@10.5.0\node_modules\pino-http\logger.js:115:39)
              at ServerResponse.onResponseComplete (C:\Users\Ilya-\Downloads\MVPSimulationFirstDay-backup-current-version\node_modules\.pnpm\pino-http@10.5.0\node_modules\pino-http\logger.js:178:14)
              at ServerResponse.emit (node:events:521:24)
              at onFinish (node:_http_outgoing:1079:10)
              at callback (node:internal/streams/writable:764:21)
              at afterWrite (node:internal/streams/writable:708:5)
              at afterWriteTick (node:internal/streams/writable:694:10)
              at process.processTicksAndRejections (node:internal/process/task_queues:89:21)
    }
[00:19:17.741] [32mINFO[39m (4712): [36mrequest errored[39m
    [35mreq[39m: {
      "id": 95,
      "method": "PATCH",
      "url": "/api/state/e268c889-5335-4247-9278-48ba81fa9ab3"
    }
    [35mres[39m: {
      "statusCode": 500
    }
    [35mresponseTime[39m: 2
    err: {
      "type": "Error",
      "message": "failed with status code 500",
      "stack":
          Error: failed with status code 500
              at onResFinished (C:\Users\Ilya-\Downloads\MVPSimulationFirstDay-backup-current-version\node_modules\.pnpm\pino-http@10.5.0\node_modules\pino-http\logger.js:115:39)
              at ServerResponse.onResponseComplete (C:\Users\Ilya-\Downloads\MVPSimulationFirstDay-backup-current-version\node_modules\.pnpm\pino-http@10.5.0\node_modules\pino-http\logger.js:178:14)
              at ServerResponse.emit (node:events:521:24)
              at onFinish (node:_http_outgoing:1079:10)
              at callback (node:internal/streams/writable:764:21)
              at afterWrite (node:internal/streams/writable:708:5)
              at afterWriteTick (node:internal/streams/writable:694:10)
              at process.processTicksAndRejections (node:internal/process/task_queues:89:21)
    }
[00:19:17.747] [32mINFO[39m (4712): [36mrequest errored[39m
    [35mreq[39m: {
      "id": 96,
      "method": "PATCH",
      "url": "/api/state/e268c889-5335-4247-9278-48ba81fa9ab3"
    }
    [35mres[39m: {
      "statusCode": 500
    }
    [35mresponseTime[39m: 2
    err: {
      "type": "Error",
      "message": "failed with status code 500",
      "stack":
          Error: failed with status code 500
              at onResFinished (C:\Users\Ilya-\Downloads\MVPSimulationFirstDay-backup-current-version\node_modules\.pnpm\pino-http@10.5.0\node_modules\pino-http\logger.js:115:39)
              at ServerResponse.onResponseComplete (C:\Users\Ilya-\Downloads\MVPSimulationFirstDay-backup-current-version\node_modules\.pnpm\pino-http@10.5.0\node_modules\pino-http\logger.js:178:14)
              at ServerResponse.emit (node:events:521:24)
              at onFinish (node:_http_outgoing:1079:10)
              at callback (node:internal/streams/writable:764:21)
              at afterWrite (node:internal/streams/writable:708:5)
              at afterWriteTick (node:internal/streams/writable:694:10)
              at process.processTicksAndRejections (node:internal/process/task_queues:89:21)
    }
[00:19:18.407] [32mINFO[39m (4712): [36mrequest errored[39m
    [35mreq[39m: {
      "id": 97,
      "method": "PATCH",
      "url": "/api/state/e268c889-5335-4247-9278-48ba81fa9ab3"
    }
    [35mres[39m: {
      "statusCode": 500
    }
    [35mresponseTime[39m: 1
    err: {
      "type": "Error",
      "message": "failed with status code 500",
      "stack":
          Error: failed with status code 500
              at onResFinished (C:\Users\Ilya-\Downloads\MVPSimulationFirstDay-backup-current-version\node_modules\.pnpm\pino-http@10.5.0\node_modules\pino-http\logger.js:115:39)
              at ServerResponse.onResponseComplete (C:\Users\Ilya-\Downloads\MVPSimulationFirstDay-backup-current-version\node_modules\.pnpm\pino-http@10.5.0\node_modules\pino-http\logger.js:178:14)
              at ServerResponse.emit (node:events:521:24)
              at onFinish (node:_http_outgoing:1079:10)
              at callback (node:internal/streams/writable:764:21)
              at afterWrite (node:internal/streams/writable:708:5)
              at afterWriteTick (node:internal/streams/writable:694:10)
              at process.processTicksAndRejections (node:internal/process/task_queues:89:21)
    }
[00:19:18.413] [32mINFO[39m (4712): [36mrequest errored[39m
    [35mreq[39m: {
      "id": 98,
      "method": "PATCH",
      "url": "/api/state/e268c889-5335-4247-9278-48ba81fa9ab3"
    }
    [35mres[39m: {
      "statusCode": 500
    }
    [35mresponseTime[39m: 2
    err: {
      "type": "Error",
      "message": "failed with status code 500",
      "stack":
          Error: failed with status code 500
              at onResFinished (C:\Users\Ilya-\Downloads\MVPSimulationFirstDay-backup-current-version\node_modules\.pnpm\pino-http@10.5.0\node_modules\pino-http\logger.js:115:39)
              at ServerResponse.onResponseComplete (C:\Users\Ilya-\Downloads\MVPSimulationFirstDay-backup-current-version\node_modules\.pnpm\pino-http@10.5.0\node_modules\pino-http\logger.js:178:14)
              at ServerResponse.emit (node:events:521:24)
              at onFinish (node:_http_outgoing:1079:10)
              at callback (node:internal/streams/writable:764:21)
              at afterWrite (node:internal/streams/writable:708:5)
              at afterWriteTick (node:internal/streams/writable:694:10)
              at process.processTicksAndRejections (node:internal/process/task_queues:89:21)
    }
[00:19:18.419] [32mINFO[39m (4712): [36mrequest errored[39m
    [35mreq[39m: {
      "id": 99,
      "method": "PATCH",
      "url": "/api/state/e268c889-5335-4247-9278-48ba81fa9ab3"
    }
    [35mres[39m: {
      "statusCode": 500
    }
    [35mresponseTime[39m: 3
    err: {
      "type": "Error",
      "message": "failed with status code 500",
      "stack":
          Error: failed with status code 500
              at onResFinished (C:\Users\Ilya-\Downloads\MVPSimulationFirstDay-backup-current-version\node_modules\.pnpm\pino-http@10.5.0\node_modules\pino-http\logger.js:115:39)
              at ServerResponse.onResponseComplete (C:\Users\Ilya-\Downloads\MVPSimulationFirstDay-backup-current-version\node_modules\.pnpm\pino-http@10.5.0\node_modules\pino-http\logger.js:178:14)
              at ServerResponse.emit (node:events:521:24)
              at onFinish (node:_http_outgoing:1079:10)
              at callback (node:internal/streams/writable:764:21)
              at afterWrite (node:internal/streams/writable:708:5)
              at afterWriteTick (node:internal/streams/writable:694:10)
              at process.processTicksAndRejections (node:internal/process/task_queues:89:21)
    }
[00:19:18.426] [32mINFO[39m (4712): [36mrequest errored[39m
    [35mreq[39m: {
      "id": 100,
      "method": "PATCH",
      "url": "/api/state/e268c889-5335-4247-9278-48ba81fa9ab3"
    }
    [35mres[39m: {
      "statusCode": 500
    }
    [35mresponseTime[39m: 3
    err: {
      "type": "Error",
      "message": "failed with status code 500",
      "stack":
          Error: failed with status code 500
              at onResFinished (C:\Users\Ilya-\Downloads\MVPSimulationFirstDay-backup-current-version\node_modules\.pnpm\pino-http@10.5.0\node_modules\pino-http\logger.js:115:39)
              at ServerResponse.onResponseComplete (C:\Users\Ilya-\Downloads\MVPSimulationFirstDay-backup-current-version\node_modules\.pnpm\pino-http@10.5.0\node_modules\pino-http\logger.js:178:14)
              at ServerResponse.emit (node:events:521:24)
              at onFinish (node:_http_outgoing:1079:10)
              at callback (node:internal/streams/writable:764:21)
              at afterWrite (node:internal/streams/writable:708:5)
              at afterWriteTick (node:internal/streams/writable:694:10)
              at process.processTicksAndRejections (node:internal/process/task_queues:89:21)
    }
[00:19:19.646] [32mINFO[39m (4712): [36mrequest errored[39m
    [35mreq[39m: {
      "id": 101,
      "method": "PATCH",
      "url": "/api/state/e268c889-5335-4247-9278-48ba81fa9ab3"
    }
    [35mres[39m: {
      "statusCode": 500
    }
    [35mresponseTime[39m: 2
    err: {
      "type": "Error",
      "message": "failed with status code 500",
      "stack":
          Error: failed with status code 500
              at onResFinished (C:\Users\Ilya-\Downloads\MVPSimulationFirstDay-backup-current-version\node_modules\.pnpm\pino-http@10.5.0\node_modules\pino-http\logger.js:115:39)
              at ServerResponse.onResponseComplete (C:\Users\Ilya-\Downloads\MVPSimulationFirstDay-backup-current-version\node_modules\.pnpm\pino-http@10.5.0\node_modules\pino-http\logger.js:178:14)
              at ServerResponse.emit (node:events:521:24)
              at onFinish (node:_http_outgoing:1079:10)
              at callback (node:internal/streams/writable:764:21)
              at afterWrite (node:internal/streams/writable:708:5)
              at afterWriteTick (node:internal/streams/writable:694:10)
              at process.processTicksAndRejections (node:internal/process/task_queues:89:21)
    }
[00:19:19.651] [32mINFO[39m (4712): [36mrequest errored[39m
    [35mreq[39m: {
      "id": 102,
      "method": "PATCH",
      "url": "/api/state/e268c889-5335-4247-9278-48ba81fa9ab3"
    }
    [35mres[39m: {
      "statusCode": 500
    }
    [35mresponseTime[39m: 1
    err: {
      "type": "Error",
      "message": "failed with status code 500",
      "stack":
          Error: failed with status code 500
              at onResFinished (C:\Users\Ilya-\Downloads\MVPSimulationFirstDay-backup-current-version\node_modules\.pnpm\pino-http@10.5.0\node_modules\pino-http\logger.js:115:39)
              at ServerResponse.onResponseComplete (C:\Users\Ilya-\Downloads\MVPSimulationFirstDay-backup-current-version\node_modules\.pnpm\pino-http@10.5.0\node_modules\pino-http\logger.js:178:14)
              at ServerResponse.emit (node:events:521:24)
              at onFinish (node:_http_outgoing:1079:10)
              at callback (node:internal/streams/writable:764:21)
              at afterWrite (node:internal/streams/writable:708:5)
              at afterWriteTick (node:internal/streams/writable:694:10)
              at process.processTicksAndRejections (node:internal/process/task_queues:89:21)
    }
[00:19:20.283] [32mINFO[39m (4712): [36mrequest errored[39m
    [35mreq[39m: {
      "id": 103,
      "method": "PATCH",
      "url": "/api/state/e268c889-5335-4247-9278-48ba81fa9ab3"
    }
    [35mres[39m: {
      "statusCode": 500
    }
    [35mresponseTime[39m: 1
    err: {
      "type": "Error",
      "message": "failed with status code 500",
      "stack":
          Error: failed with status code 500
              at onResFinished (C:\Users\Ilya-\Downloads\MVPSimulationFirstDay-backup-current-version\node_modules\.pnpm\pino-http@10.5.0\node_modules\pino-http\logger.js:115:39)
              at ServerResponse.onResponseComplete (C:\Users\Ilya-\Downloads\MVPSimulationFirstDay-backup-current-version\node_modules\.pnpm\pino-http@10.5.0\node_modules\pino-http\logger.js:178:14)
              at ServerResponse.emit (node:events:521:24)
              at onFinish (node:_http_outgoing:1079:10)
              at callback (node:internal/streams/writable:764:21)
              at afterWrite (node:internal/streams/writable:708:5)
              at afterWriteTick (node:internal/streams/writable:694:10)
              at process.processTicksAndRejections (node:internal/process/task_queues:89:21)
    }
[00:19:20.291] [32mINFO[39m (4712): [36mrequest errored[39m
    [35mreq[39m: {
      "id": 104,
      "method": "PATCH",
      "url": "/api/state/e268c889-5335-4247-9278-48ba81fa9ab3"
    }
    [35mres[39m: {
      "statusCode": 500
    }
    [35mresponseTime[39m: 2
    err: {
      "type": "Error",
      "message": "failed with status code 500",
      "stack":
          Error: failed with status code 500
              at onResFinished (C:\Users\Ilya-\Downloads\MVPSimulationFirstDay-backup-current-version\node_modules\.pnpm\pino-http@10.5.0\node_modules\pino-http\logger.js:115:39)
              at ServerResponse.onResponseComplete (C:\Users\Ilya-\Downloads\MVPSimulationFirstDay-backup-current-version\node_modules\.pnpm\pino-http@10.5.0\node_modules\pino-http\logger.js:178:14)
              at ServerResponse.emit (node:events:521:24)
              at onFinish (node:_http_outgoing:1079:10)
              at callback (node:internal/streams/writable:764:21)
              at afterWrite (node:internal/streams/writable:708:5)
              at afterWriteTick (node:internal/streams/writable:694:10)
              at process.processTicksAndRejections (node:internal/process/task_queues:89:21)
    }
